Measure|Data Type|Template Id|Data Type Value Set|Data Type Value OID|Attribute|Mapped QI Core Profile|Mapped QI Core Attribute
CMS819-v1-0-000-QDM-5-6.xml|PatientCharacteristicEthnicity||Ethnicity|urn:oid:2.16.840.1.114222.4.11.837|code|QICorePatient|extention:ethnicity
CMS819-v1-0-000-QDM-5-6.xml|PatientCharacteristicPayer||Payer|urn:oid:2.16.840.1.114222.4.11.3591|code|QICoreCoverage|payor
CMS819-v1-0-000-QDM-5-6.xml|PatientCharacteristicRace||Race|urn:oid:2.16.840.1.114222.4.11.836|code|QICorePatient|extension:race
CMS819-v1-0-000-QDM-5-6.xml|PatientCharacteristicSex||ONC Administrative Sex|urn:oid:2.16.840.1.113762.1.4.1|code|QICorePatient|extension:birthsex
CMS819-v1-0-000-QDM-5-6.xml|PositiveMedicationAdministered|PositiveMedicationAdministered|Opioids, All|urn:oid:2.16.840.1.113762.1.4.1196.226|code|QICoreMedicationAdministration|medication
CMS819-v1-0-000-QDM-5-6.xml|PositiveMedicationAdministered|PositiveMedicationAdministered|||relevantDatetime|QICoreMedicationAdministration|effective
CMS819-v1-0-000-QDM-5-6.xml|PositiveMedicationAdministered|PositiveMedicationAdministered|||relevantPeriod|QICoreMedicationAdministration|effective
CMS819-v1-0-000-QDM-5-6.xml|PositiveMedicationAdministered|PositiveMedicationAdministered|||qdmcontext|QICoreMedicationAdministration|status
CMS819-v1-0-000-QDM-5-6.xml|PositiveEncounterPerformed|PositiveEncounterPerformed|Encounter Inpatient|urn:oid:2.16.840.1.113883.3.666.5.307|code|QICoreEncounter|type
CMS819-v1-0-000-QDM-5-6.xml|PositiveEncounterPerformed|PositiveEncounterPerformed|||relevantPeriod|QICoreEncounter|period
CMS819-v1-0-000-QDM-5-6.xml|PositiveEncounterPerformed|PositiveEncounterPerformed|||facilityLocations|QICoreEncounter|location.location
CMS819-v1-0-000-QDM-5-6.xml|PositiveEncounterPerformed|PositiveEncounterPerformed|Operating Room/Suite|1096-7:HSLOC|facilityLocations.code|QICoreEncounter|location.location
CMS819-v1-0-000-QDM-5-6.xml|PositiveEncounterPerformed|PositiveEncounterPerformed|||facilityLocations.locationPeriod|QICoreEncounter|location.location
CMS819-v1-0-000-QDM-5-6.xml|PositiveEncounterPerformed|PositiveEncounterPerformed|||qdmcontext|QICoreEncounter|status
CMS819-v1-0-000-QDM-5-6.xml|PositiveMedicationAdministered|PositiveMedicationAdministered|Opioid Antagonist|urn:oid:2.16.840.1.113762.1.4.1248.119|code|QICoreMedicationAdministration|medication
CMS819-v1-0-000-QDM-5-6.xml|PositiveEncounterPerformed|PositiveEncounterPerformed|Observation Services|urn:oid:2.16.840.1.113762.1.4.1111.143|code|QICoreEncounter|type
CMS819-v1-0-000-QDM-5-6.xml|PositiveEncounterPerformed|PositiveEncounterPerformed|Emergency Department Visit|urn:oid:2.16.840.1.113883.3.117.1.7.1.292|code|QICoreEncounter|type
CMS129-v12-0-000-QDM-5-6.xml|PatientCharacteristicEthnicity||Ethnicity|urn:oid:2.16.840.1.114222.4.11.837|code|QICorePatient|extention:ethnicity
CMS129-v12-0-000-QDM-5-6.xml|PatientCharacteristicPayer||Payer|urn:oid:2.16.840.1.114222.4.11.3591|code|QICoreCoverage|payor
CMS129-v12-0-000-QDM-5-6.xml|PatientCharacteristicRace||Race|urn:oid:2.16.840.1.114222.4.11.836|code|QICorePatient|extension:race
CMS129-v12-0-000-QDM-5-6.xml|PatientCharacteristicSex||ONC Administrative Sex|urn:oid:2.16.840.1.113762.1.4.1|code|QICorePatient|extension:birthsex
CMS129-v12-0-000-QDM-5-6.xml|Diagnosis||Prostate Cancer|urn:oid:2.16.840.1.113883.3.526.3.319|code|QICoreConditionProblemsHealthConcerns|code
CMS129-v12-0-000-QDM-5-6.xml|Diagnosis||||prevalencePeriod|QICoreConditionProblemsHealthConcerns|onset
CMS129-v12-0-000-QDM-5-6.xml|Diagnosis||||qdmcontext|QICoreConditionProblemsHealthConcerns|clinicalStatus
CMS129-v12-0-000-QDM-5-6.xml|PositiveProcedurePerformed|PositiveProcedurePerformed|Prostate Cancer Treatment|urn:oid:2.16.840.1.113883.3.526.3.398|code|QICoreProcedure|code
CMS129-v12-0-000-QDM-5-6.xml|PositiveProcedurePerformed|PositiveProcedurePerformed|||relevantDatetime|QICoreProcedure|performed
CMS129-v12-0-000-QDM-5-6.xml|PositiveProcedurePerformed|PositiveProcedurePerformed|||relevantPeriod|QICoreProcedure|performed
CMS129-v12-0-000-QDM-5-6.xml|PositiveProcedurePerformed|PositiveProcedurePerformed|T1a: Prostate tumor incidental histologic finding in 5% or less of tissue resected (finding)|369833007:SNOMEDCT|result|QICoreProcedure|Observation
CMS129-v12-0-000-QDM-5-6.xml|PositiveProcedurePerformed|PositiveProcedurePerformed|T1b: Prostate tumor incidental histologic finding in > 5% of tissue resected (finding)|369834001:SNOMEDCT|result|QICoreProcedure|Observation
CMS129-v12-0-000-QDM-5-6.xml|PositiveProcedurePerformed|PositiveProcedurePerformed|Neoplasm of prostate primary tumor staging category T1c: Tumor identified by needle biopsy (finding)|433351000124101:SNOMEDCT|result|QICoreProcedure|Observation
CMS129-v12-0-000-QDM-5-6.xml|PositiveProcedurePerformed|PositiveProcedurePerformed|Neoplasm of prostate primary tumor staging category T2a: Involves one-half of one lobe or less (finding)|433361000124104:SNOMEDCT|result|QICoreProcedure|Observation
CMS129-v12-0-000-QDM-5-6.xml|PositiveProcedurePerformed|PositiveProcedurePerformed|||qdmcontext|QICoreProcedure|category
CMS129-v12-0-000-QDM-5-6.xml|PositiveProcedurePerformed|PositiveProcedurePerformed|Tumor staging (tumor staging)|254292007:SNOMEDCT|code|QICoreProcedure|code
CMS129-v12-0-000-QDM-5-6.xml|PositiveLaboratoryTestPerformed|PositiveLaboratoryTestPerformed|Prostate Specific Antigen Test|urn:oid:2.16.840.1.113883.3.526.3.401|code|QICoreLaboratoryResultObservation|code
CMS129-v12-0-000-QDM-5-6.xml|PositiveLaboratoryTestPerformed|PositiveLaboratoryTestPerformed|||relevantDatetime|QICoreLaboratoryResultObservation|effective
CMS129-v12-0-000-QDM-5-6.xml|PositiveLaboratoryTestPerformed|PositiveLaboratoryTestPerformed|||relevantPeriod|QICoreLaboratoryResultObservation|effective
CMS129-v12-0-000-QDM-5-6.xml|PositiveLaboratoryTestPerformed|PositiveLaboratoryTestPerformed|||result|QICoreLaboratoryResultObservation|value
CMS129-v12-0-000-QDM-5-6.xml|PositiveLaboratoryTestPerformed|PositiveLaboratoryTestPerformed|||qdmcontext|QICoreLaboratoryResultObservation|status
CMS129-v12-0-000-QDM-5-6.xml|PositiveLaboratoryTestPerformed|PositiveLaboratoryTestPerformed|Gleason score in Specimen Qualitative|35266-6:LOINC|code|QICoreLaboratoryResultObservation|code
CMS129-v12-0-000-QDM-5-6.xml|PositiveDiagnosticStudyPerformed|PositiveDiagnosticStudyPerformed|Bone Scan|urn:oid:2.16.840.1.113883.3.526.3.320|code|QICoreObservationClinicalTestResult|code
CMS129-v12-0-000-QDM-5-6.xml|PositiveDiagnosticStudyPerformed|PositiveDiagnosticStudyPerformed|||relevantDatetime|QICoreObservationClinicalTestResult|effective
CMS129-v12-0-000-QDM-5-6.xml|PositiveDiagnosticStudyPerformed|PositiveDiagnosticStudyPerformed|||relevantPeriod|QICoreObservationClinicalTestResult|effective
CMS129-v12-0-000-QDM-5-6.xml|PositiveDiagnosticStudyPerformed|PositiveDiagnosticStudyPerformed|Procedure reason record (record artifact)|433611000124109:SNOMEDCT|reason|QICoreObservationClinicalTestResult|basedOn
CMS129-v12-0-000-QDM-5-6.xml|PositiveDiagnosticStudyPerformed|PositiveDiagnosticStudyPerformed|||qdmcontext|QICoreObservationClinicalTestResult|partOf
CMS129-v12-0-000-QDM-5-6.xml|Diagnosis||Pain Related to Prostate Cancer|urn:oid:2.16.840.1.113883.3.526.3.451|code|QICoreConditionProblemsHealthConcerns|code
CMS129-v12-0-000-QDM-5-6.xml|PositiveProcedurePerformed|PositiveProcedurePerformed|Salvage Therapy|urn:oid:2.16.840.1.113883.3.526.3.399|code|QICoreProcedure|code
CMS349-v5-0-000-QDM-5-6.xml|PositiveEncounterPerformed|PositiveEncounterPerformed|Preventive Care Services, Initial Office Visit, 0 to 17|urn:oid:2.16.840.1.113883.3.464.1003.101.12.1022|code|QICoreEncounter|type
CMS349-v5-0-000-QDM-5-6.xml|PositiveEncounterPerformed|PositiveEncounterPerformed|||relevantPeriod|QICoreEncounter|period
CMS349-v5-0-000-QDM-5-6.xml|PositiveEncounterPerformed|PositiveEncounterPerformed|||qdmcontext|QICoreEncounter|status
CMS349-v5-0-000-QDM-5-6.xml|PositiveEncounterPerformed|PositiveEncounterPerformed|Preventive Care Services-Initial Office Visit, 18 and Up|urn:oid:2.16.840.1.113883.3.464.1003.101.12.1023|code|QICoreEncounter|type
CMS349-v5-0-000-QDM-5-6.xml|PositiveEncounterPerformed|PositiveEncounterPerformed|Preventive Care, Established Office Visit, 0 to 17|urn:oid:2.16.840.1.113883.3.464.1003.101.12.1024|code|QICoreEncounter|type
CMS349-v5-0-000-QDM-5-6.xml|PositiveEncounterPerformed|PositiveEncounterPerformed|Preventive Care Services - Established Office Visit, 18 and Up|urn:oid:2.16.840.1.113883.3.464.1003.101.12.1025|code|QICoreEncounter|type
CMS349-v5-0-000-QDM-5-6.xml|PositiveEncounterPerformed|PositiveEncounterPerformed|Office Visit|urn:oid:2.16.840.1.113883.3.464.1003.101.12.1001|code|QICoreEncounter|type
CMS349-v5-0-000-QDM-5-6.xml|PositiveLaboratoryTestPerformed|PositiveLaboratoryTestPerformed|Human Immunodeficiency Virus (HIV) Laboratory Test Codes (Ab and Ag)|urn:oid:2.16.840.1.113762.1.4.1056.50|code|QICoreLaboratoryResultObservation|code
CMS349-v5-0-000-QDM-5-6.xml|PositiveLaboratoryTestPerformed|PositiveLaboratoryTestPerformed|||relevantDatetime|QICoreLaboratoryResultObservation|effective
CMS349-v5-0-000-QDM-5-6.xml|PositiveLaboratoryTestPerformed|PositiveLaboratoryTestPerformed|||relevantPeriod|QICoreLaboratoryResultObservation|effective
CMS349-v5-0-000-QDM-5-6.xml|PositiveLaboratoryTestPerformed|PositiveLaboratoryTestPerformed|||qdmcontext|QICoreLaboratoryResultObservation|status
CMS349-v5-0-000-QDM-5-6.xml|PositiveLaboratoryTestPerformed|PositiveLaboratoryTestPerformed|HIV 1 and 2 tests - Meaningful Use set|75622-1:LOINC|code|QICoreLaboratoryResultObservation|code
CMS349-v5-0-000-QDM-5-6.xml|PatientCharacteristicEthnicity||Ethnicity|urn:oid:2.16.840.1.114222.4.11.837|code|QICorePatient|extention:ethnicity
CMS349-v5-0-000-QDM-5-6.xml|PatientCharacteristicPayer||Payer|urn:oid:2.16.840.1.114222.4.11.3591|code|QICoreCoverage|payor
CMS349-v5-0-000-QDM-5-6.xml|PatientCharacteristicRace||Race|urn:oid:2.16.840.1.114222.4.11.836|code|QICorePatient|extension:race
CMS349-v5-0-000-QDM-5-6.xml|PatientCharacteristicSex||ONC Administrative Sex|urn:oid:2.16.840.1.113762.1.4.1|code|QICorePatient|extension:birthsex
CMS349-v5-0-000-QDM-5-6.xml|Diagnosis||HIV|urn:oid:2.16.840.1.113883.3.464.1003.120.12.1003|code|QICoreConditionProblemsHealthConcerns|code
CMS349-v5-0-000-QDM-5-6.xml|Diagnosis||||prevalencePeriod|QICoreConditionProblemsHealthConcerns|onset
CMS349-v5-0-000-QDM-5-6.xml|Diagnosis||||qdmcontext|QICoreConditionProblemsHealthConcerns|clinicalStatus
CMS506-v5-0-000-QDM-5-6.xml|PositiveMedicationDischarge|PositiveMedicationDischarge|Schedule II & III Opioid Medications|urn:oid:2.16.840.1.113762.1.4.1111.165|code|QICoreMedicationRequest|medication
CMS506-v5-0-000-QDM-5-6.xml|PositiveMedicationDischarge|PositiveMedicationDischarge|||authorDatetime|QICoreMedicationRequest|authoredOn
CMS506-v5-0-000-QDM-5-6.xml|PositiveMedicationDischarge|PositiveMedicationDischarge|||qdmcontext|QICoreMedicationRequest|status
CMS506-v5-0-000-QDM-5-6.xml|PositiveMedicationDischarge|PositiveMedicationDischarge|Schedule IV Benzodiazepines|urn:oid:2.16.840.1.113762.1.4.1125.1|code|QICoreMedicationRequest|medication
CMS506-v5-0-000-QDM-5-6.xml|PatientCharacteristicEthnicity||Ethnicity|urn:oid:2.16.840.1.114222.4.11.837|code|QICorePatient|extention:ethnicity
CMS506-v5-0-000-QDM-5-6.xml|PatientCharacteristicPayer||Payer|urn:oid:2.16.840.1.114222.4.11.3591|code|QICoreCoverage|payor
CMS506-v5-0-000-QDM-5-6.xml|PatientCharacteristicRace||Race|urn:oid:2.16.840.1.114222.4.11.836|code|QICorePatient|extension:race
CMS506-v5-0-000-QDM-5-6.xml|PatientCharacteristicSex||ONC Administrative Sex|urn:oid:2.16.840.1.113762.1.4.1|code|QICorePatient|extension:birthsex
CMS506-v5-0-000-QDM-5-6.xml|PositiveInterventionOrder|PositiveInterventionOrder|Palliative or Hospice Care|urn:oid:2.16.840.1.113883.3.600.1.1579|code|QICoreServiceRequest|code
CMS506-v5-0-000-QDM-5-6.xml|PositiveInterventionOrder|PositiveInterventionOrder|||authorDatetime|QICoreServiceRequest|authoredOn
CMS506-v5-0-000-QDM-5-6.xml|PositiveInterventionOrder|PositiveInterventionOrder|||qdmcontext|QICoreServiceRequest|status
CMS506-v5-0-000-QDM-5-6.xml|PositiveInterventionPerformed|PositiveInterventionPerformed|Palliative or Hospice Care|urn:oid:2.16.840.1.113883.3.600.1.1579|code|QICoreProcedure|code
CMS506-v5-0-000-QDM-5-6.xml|PositiveInterventionPerformed|PositiveInterventionPerformed|||relevantDatetime|QICoreProcedure|performed
CMS506-v5-0-000-QDM-5-6.xml|PositiveInterventionPerformed|PositiveInterventionPerformed|||relevantPeriod|QICoreProcedure|performed
CMS506-v5-0-000-QDM-5-6.xml|PositiveInterventionPerformed|PositiveInterventionPerformed|||authorDatetime|QICoreProcedure|extension:recorded
CMS506-v5-0-000-QDM-5-6.xml|PositiveInterventionPerformed|PositiveInterventionPerformed|||qdmcontext|QICoreProcedure|category
CMS506-v5-0-000-QDM-5-6.xml|Diagnosis||All Primary and Secondary Cancer|urn:oid:2.16.840.1.113762.1.4.1111.161|code|QICoreConditionProblemsHealthConcerns|code
CMS506-v5-0-000-QDM-5-6.xml|Diagnosis||||prevalencePeriod|QICoreConditionProblemsHealthConcerns|onset
CMS506-v5-0-000-QDM-5-6.xml|Diagnosis||||qdmcontext|QICoreConditionProblemsHealthConcerns|clinicalStatus
CMS506-v5-0-000-QDM-5-6.xml|PositiveEncounterPerformed|PositiveEncounterPerformed|Encounter Inpatient|urn:oid:2.16.840.1.113883.3.666.5.307|code|QICoreEncounter|type
CMS506-v5-0-000-QDM-5-6.xml|PositiveEncounterPerformed|PositiveEncounterPerformed|120||relevantPeriod|QICoreEncounter|period
CMS506-v5-0-000-QDM-5-6.xml|PositiveEncounterPerformed|PositiveEncounterPerformed|||diagnoses|QICoreEncounter|diagnosis
CMS506-v5-0-000-QDM-5-6.xml|PositiveEncounterPerformed|PositiveEncounterPerformed|All Primary and Secondary Cancer|urn:oid:2.16.840.1.113762.1.4.1111.161|diagnoses.code|QICoreEncounter|diagnosis
CMS506-v5-0-000-QDM-5-6.xml|PositiveEncounterPerformed|PositiveEncounterPerformed|Discharge To Acute Care Facility|urn:oid:2.16.840.1.113883.3.117.1.7.1.87|dischargeDisposition|QICoreEncounter|hospitalization
CMS506-v5-0-000-QDM-5-6.xml|PositiveEncounterPerformed|PositiveEncounterPerformed|Hospice Care Referral or Admission|urn:oid:2.16.840.1.113762.1.4.1116.365|dischargeDisposition|QICoreEncounter|hospitalization
CMS506-v5-0-000-QDM-5-6.xml|PositiveEncounterPerformed|PositiveEncounterPerformed|Patient Expired|urn:oid:2.16.840.1.113883.3.117.1.7.1.309|dischargeDisposition|QICoreEncounter|hospitalization
CMS506-v5-0-000-QDM-5-6.xml|PositiveEncounterPerformed|PositiveEncounterPerformed|||qdmcontext|QICoreEncounter|status
CMS506-v5-0-000-QDM-5-6.xml|PositiveEncounterPerformed|PositiveEncounterPerformed|Observation Services|urn:oid:2.16.840.1.113762.1.4.1111.143|code|QICoreEncounter|type
CMS506-v5-0-000-QDM-5-6.xml|PositiveEncounterPerformed|PositiveEncounterPerformed|||relevantPeriod|QICoreEncounter|period
CMS506-v5-0-000-QDM-5-6.xml|PositiveEncounterPerformed|PositiveEncounterPerformed|Emergency Department Visit|urn:oid:2.16.840.1.113883.3.117.1.7.1.292|code|QICoreEncounter|type
CMS996-v3-2-000-QDM-5-6.xml|PatientCharacteristicEthnicity||Ethnicity|urn:oid:2.16.840.1.114222.4.11.837|code|QICorePatient|extention:ethnicity
CMS996-v3-2-000-QDM-5-6.xml|PatientCharacteristicPayer||Payer|urn:oid:2.16.840.1.114222.4.11.3591|code|QICoreCoverage|payor
CMS996-v3-2-000-QDM-5-6.xml|PatientCharacteristicRace||Race|urn:oid:2.16.840.1.114222.4.11.836|code|QICorePatient|extension:race
CMS996-v3-2-000-QDM-5-6.xml|PatientCharacteristicSex||ONC Administrative Sex|urn:oid:2.16.840.1.113762.1.4.1|code|QICorePatient|extension:birthsex
CMS996-v3-2-000-QDM-5-6.xml|PositiveEncounterPerformed|PositiveEncounterPerformed|Emergency Department Visit (1010)|urn:oid:2.16.840.1.113883.3.464.1003.101.12.1010|code|QICoreEncounter|type
CMS996-v3-2-000-QDM-5-6.xml|PositiveEncounterPerformed|PositiveEncounterPerformed|||diagnoses|QICoreEncounter|diagnosis
CMS996-v3-2-000-QDM-5-6.xml|PositiveEncounterPerformed|PositiveEncounterPerformed|STEMI|urn:oid:2.16.840.1.113883.3.3157.4017|diagnoses.code|QICoreEncounter|diagnosis
CMS996-v3-2-000-QDM-5-6.xml|PositiveEncounterPerformed|PositiveEncounterPerformed|||relevantPeriod|QICoreEncounter|period
CMS996-v3-2-000-QDM-5-6.xml|PositiveEncounterPerformed|PositiveEncounterPerformed|Discharge To Acute Care Facility|urn:oid:2.16.840.1.113883.3.117.1.7.1.87|dischargeDisposition|QICoreEncounter|hospitalization
CMS996-v3-2-000-QDM-5-6.xml|PositiveEncounterPerformed|PositiveEncounterPerformed|Patient Expired|urn:oid:2.16.840.1.113883.3.117.1.7.1.309|dischargeDisposition|QICoreEncounter|hospitalization
CMS996-v3-2-000-QDM-5-6.xml|PositiveEncounterPerformed|PositiveEncounterPerformed|||qdmcontext|QICoreEncounter|status
CMS996-v3-2-000-QDM-5-6.xml|Diagnosis||STEMI|urn:oid:2.16.840.1.113883.3.3157.4017|code|QICoreConditionProblemsHealthConcerns|code
CMS996-v3-2-000-QDM-5-6.xml|Diagnosis||||prevalencePeriod|QICoreConditionProblemsHealthConcerns|onset
CMS996-v3-2-000-QDM-5-6.xml|Diagnosis||||qdmcontext|QICoreConditionProblemsHealthConcerns|clinicalStatus
CMS996-v3-2-000-QDM-5-6.xml|PositiveMedicationAdministered|PositiveMedicationAdministered|Fibrinolytic Therapy|urn:oid:2.16.840.1.113883.3.3157.4019|code|QICoreMedicationAdministration|medication
CMS996-v3-2-000-QDM-5-6.xml|PositiveMedicationAdministered|PositiveMedicationAdministered|||relevantDatetime|QICoreMedicationAdministration|effective
CMS996-v3-2-000-QDM-5-6.xml|PositiveMedicationAdministered|PositiveMedicationAdministered|||relevantPeriod|QICoreMedicationAdministration|effective
CMS996-v3-2-000-QDM-5-6.xml|PositiveMedicationAdministered|PositiveMedicationAdministered|||qdmcontext|QICoreMedicationAdministration|status
CMS996-v3-2-000-QDM-5-6.xml|PositiveProcedurePerformed|PositiveProcedurePerformed|Percutaneous Coronary Intervention|urn:oid:2.16.840.1.113883.3.3157.2000.5|code|QICoreProcedure|code
CMS996-v3-2-000-QDM-5-6.xml|PositiveProcedurePerformed|PositiveProcedurePerformed|||relevantDatetime|QICoreProcedure|performed
CMS996-v3-2-000-QDM-5-6.xml|PositiveProcedurePerformed|PositiveProcedurePerformed|||relevantPeriod|QICoreProcedure|performed
CMS996-v3-2-000-QDM-5-6.xml|PositiveProcedurePerformed|PositiveProcedurePerformed|||qdmcontext|QICoreProcedure|category
CMS996-v3-2-000-QDM-5-6.xml|Diagnosis||Active Bleeding or Bleeding Diathesis (Excluding Menses)|urn:oid:2.16.840.1.113883.3.3157.4036|code|QICoreConditionProblemsHealthConcerns|code
CMS996-v3-2-000-QDM-5-6.xml|Diagnosis||Malignant Intracranial Neoplasm Group|urn:oid:2.16.840.1.113762.1.4.1170.3|code|QICoreConditionProblemsHealthConcerns|code
CMS996-v3-2-000-QDM-5-6.xml|Diagnosis||Cerebral Vascular Lesion|urn:oid:2.16.840.1.113883.3.3157.4025|code|QICoreConditionProblemsHealthConcerns|code
CMS996-v3-2-000-QDM-5-6.xml|Diagnosis||Dementia|urn:oid:2.16.840.1.113883.3.3157.4043|code|QICoreConditionProblemsHealthConcerns|code
CMS996-v3-2-000-QDM-5-6.xml|Diagnosis||Pregnancy|urn:oid:2.16.840.1.113883.3.3157.4055|code|QICoreConditionProblemsHealthConcerns|code
CMS996-v3-2-000-QDM-5-6.xml|Diagnosis||Allergy to thrombolytics|urn:oid:2.16.840.1.113762.1.4.1170.5|code|QICoreConditionProblemsHealthConcerns|code
CMS996-v3-2-000-QDM-5-6.xml|MedicationActive||Anticoagulant Medications, Oral|urn:oid:2.16.840.1.113883.3.3157.4045|code|QICoreMedicationRequest|medication
CMS996-v3-2-000-QDM-5-6.xml|MedicationActive||||relevantDatetime|QICoreMedicationRequest|dosageInstruction
CMS996-v3-2-000-QDM-5-6.xml|MedicationActive||||relevantPeriod|QICoreMedicationRequest|dosageInstruction
CMS996-v3-2-000-QDM-5-6.xml|MedicationActive||||qdmcontext|QICoreMedicationRequest|status
CMS996-v3-2-000-QDM-5-6.xml|AdverseEvent||Thrombolytic medications|urn:oid:2.16.840.1.113762.1.4.1170.4|code|QICoreAdverseEvent|event
CMS996-v3-2-000-QDM-5-6.xml|AdverseEvent||Adverse reaction to thrombolytics|urn:oid:2.16.840.1.113762.1.4.1170.6|type|QICoreAdverseEvent|category
CMS996-v3-2-000-QDM-5-6.xml|AdverseEvent||||relevantDatetime|QICoreAdverseEvent|date
CMS996-v3-2-000-QDM-5-6.xml|AdverseEvent||||qdmcontext|QICoreAdverseEvent|actuality
CMS996-v3-2-000-QDM-5-6.xml|AllergyIntolerance||Thrombolytic medications|urn:oid:2.16.840.1.113762.1.4.1170.4|code|QICoreAllergyIntolerance|code
CMS996-v3-2-000-QDM-5-6.xml|AllergyIntolerance||||prevalencePeriod|QICoreAllergyIntolerance|onset
CMS996-v3-2-000-QDM-5-6.xml|AllergyIntolerance||||qdmcontext|QICoreAllergyIntolerance|clinicalStatus
CMS996-v3-2-000-QDM-5-6.xml|PositiveProcedurePerformed|PositiveProcedurePerformed|Intracranial or Intraspinal surgery|urn:oid:2.16.840.1.113762.1.4.1170.2|code|QICoreProcedure|code
CMS996-v3-2-000-QDM-5-6.xml|PositiveProcedurePerformed|PositiveProcedurePerformed|Major Surgical Procedure|urn:oid:2.16.840.1.113883.3.3157.4056|code|QICoreProcedure|code
CMS996-v3-2-000-QDM-5-6.xml|PositiveProcedurePerformed|PositiveProcedurePerformed|Endotracheal Intubation|urn:oid:2.16.840.1.113762.1.4.1045.69|code|QICoreProcedure|code
CMS996-v3-2-000-QDM-5-6.xml|PositiveProcedurePerformed|PositiveProcedurePerformed|Mechanical Circulatory Assist Device|urn:oid:2.16.840.1.113883.3.3157.4052|code|QICoreProcedure|code
CMS996-v3-2-000-QDM-5-6.xml|Diagnosis||Ischemic Stroke|urn:oid:2.16.840.1.113883.3.464.1003.104.12.1024|code|QICoreConditionProblemsHealthConcerns|code
CMS996-v3-2-000-QDM-5-6.xml|Diagnosis||Closed Head and Facial Trauma|urn:oid:2.16.840.1.113883.3.3157.4026|code|QICoreConditionProblemsHealthConcerns|code
CMS996-v3-2-000-QDM-5-6.xml|Diagnosis||Active Peptic Ulcer|urn:oid:2.16.840.1.113883.3.3157.4031|code|QICoreConditionProblemsHealthConcerns|code
CMS996-v3-2-000-QDM-5-6.xml|Diagnosis||Aortic Dissection and Rupture|urn:oid:2.16.840.1.113883.3.3157.4028|code|QICoreConditionProblemsHealthConcerns|code
CMS996-v3-2-000-QDM-5-6.xml|Diagnosis||Neurologic impairment|urn:oid:2.16.840.1.113883.3.464.1003.114.12.1012|code|QICoreConditionProblemsHealthConcerns|code
CMS996-v3-2-000-QDM-5-6.xml|Diagnosis||Cardiopulmonary Arrest|urn:oid:2.16.840.1.113883.3.3157.4048|code|QICoreConditionProblemsHealthConcerns|code
CMS996-v3-2-000-QDM-5-6.xml|PositiveEncounterPerformed|PositiveEncounterPerformed|Emergency Department Visit|urn:oid:2.16.840.1.113883.3.117.1.7.1.292|code|QICoreEncounter|type
CMS177-v11-0-000-QDM-5-6.xml|PatientCharacteristicEthnicity||Ethnicity|urn:oid:2.16.840.1.114222.4.11.837|code|QICorePatient|extention:ethnicity
CMS177-v11-0-000-QDM-5-6.xml|PatientCharacteristicPayer||Payer|urn:oid:2.16.840.1.114222.4.11.3591|code|QICoreCoverage|payor
CMS177-v11-0-000-QDM-5-6.xml|PatientCharacteristicRace||Race|urn:oid:2.16.840.1.114222.4.11.836|code|QICorePatient|extension:race
CMS177-v11-0-000-QDM-5-6.xml|PatientCharacteristicSex||ONC Administrative Sex|urn:oid:2.16.840.1.113762.1.4.1|code|QICorePatient|extension:birthsex
CMS177-v11-0-000-QDM-5-6.xml|PositiveEncounterPerformed|PositiveEncounterPerformed|Office Visit|urn:oid:2.16.840.1.113883.3.464.1003.101.12.1001|code|QICoreEncounter|type
CMS177-v11-0-000-QDM-5-6.xml|PositiveEncounterPerformed|PositiveEncounterPerformed|||diagnoses|QICoreEncounter|diagnosis
CMS177-v11-0-000-QDM-5-6.xml|PositiveEncounterPerformed|PositiveEncounterPerformed|Major Depressive Disorder Active|urn:oid:2.16.840.1.113883.3.526.3.1491|diagnoses.code|QICoreEncounter|diagnosis
CMS177-v11-0-000-QDM-5-6.xml|PositiveEncounterPerformed|PositiveEncounterPerformed|||relevantPeriod|QICoreEncounter|period
CMS177-v11-0-000-QDM-5-6.xml|PositiveEncounterPerformed|PositiveEncounterPerformed|||qdmcontext|QICoreEncounter|status
CMS177-v11-0-000-QDM-5-6.xml|PositiveEncounterPerformed|PositiveEncounterPerformed|Outpatient Consultation|urn:oid:2.16.840.1.113883.3.464.1003.101.12.1008|code|QICoreEncounter|type
CMS177-v11-0-000-QDM-5-6.xml|PositiveEncounterPerformed|PositiveEncounterPerformed|Psych Visit Diagnostic Evaluation|urn:oid:2.16.840.1.113883.3.526.3.1492|code|QICoreEncounter|type
CMS177-v11-0-000-QDM-5-6.xml|PositiveEncounterPerformed|PositiveEncounterPerformed|Psych Visit for Family Psychotherapy|urn:oid:2.16.840.1.113883.3.526.3.1018|code|QICoreEncounter|type
CMS177-v11-0-000-QDM-5-6.xml|PositiveEncounterPerformed|PositiveEncounterPerformed|Psych Visit Psychotherapy|urn:oid:2.16.840.1.113883.3.526.3.1496|code|QICoreEncounter|type
CMS177-v11-0-000-QDM-5-6.xml|PositiveEncounterPerformed|PositiveEncounterPerformed|Psychoanalysis|urn:oid:2.16.840.1.113883.3.526.3.1141|code|QICoreEncounter|type
CMS177-v11-0-000-QDM-5-6.xml|PositiveEncounterPerformed|PositiveEncounterPerformed|Group Psychotherapy|urn:oid:2.16.840.1.113883.3.526.3.1187|code|QICoreEncounter|type
CMS177-v11-0-000-QDM-5-6.xml|PositiveEncounterPerformed|PositiveEncounterPerformed|Telehealth Services|urn:oid:2.16.840.1.113883.3.464.1003.101.12.1031|code|QICoreEncounter|type
CMS177-v11-0-000-QDM-5-6.xml|PositiveInterventionPerformed|PositiveInterventionPerformed|Suicide risk assessment (procedure)|225337009:SNOMEDCT|code|QICoreProcedure|code
CMS177-v11-0-000-QDM-5-6.xml|PositiveInterventionPerformed|PositiveInterventionPerformed|||relevantDatetime|QICoreProcedure|performed
CMS177-v11-0-000-QDM-5-6.xml|PositiveInterventionPerformed|PositiveInterventionPerformed|||relevantPeriod|QICoreProcedure|performed
CMS177-v11-0-000-QDM-5-6.xml|PositiveInterventionPerformed|PositiveInterventionPerformed|||qdmcontext|QICoreProcedure|category
CMS2-v12-0-000-QDM-5-6.xml|PositiveEncounterPerformed|PositiveEncounterPerformed|Encounter to Screen for Depression|urn:oid:2.16.840.1.113883.3.600.1916|code|QICoreEncounter|type
CMS2-v12-0-000-QDM-5-6.xml|PositiveEncounterPerformed|PositiveEncounterPerformed|||relevantPeriod|QICoreEncounter|period
CMS2-v12-0-000-QDM-5-6.xml|PositiveEncounterPerformed|PositiveEncounterPerformed|||qdmcontext|QICoreEncounter|status
CMS2-v12-0-000-QDM-5-6.xml|PositiveEncounterPerformed|PositiveEncounterPerformed|Physical Therapy Evaluation|urn:oid:2.16.840.1.113883.3.526.3.1022|code|QICoreEncounter|type
CMS2-v12-0-000-QDM-5-6.xml|PositiveEncounterPerformed|PositiveEncounterPerformed|Telephone Visits|urn:oid:2.16.840.1.113883.3.464.1003.101.12.1080|code|QICoreEncounter|type
CMS2-v12-0-000-QDM-5-6.xml|NegativeAssessmentPerformed|NegativeAssessmentPerformed|Adolescent depression screening assessment|73831-0:LOINC|code|QICoreObservationNotDone|code
CMS2-v12-0-000-QDM-5-6.xml|NegativeAssessmentPerformed|NegativeAssessmentPerformed|||authorDatetime|QICoreObservationNotDone|issued
CMS2-v12-0-000-QDM-5-6.xml|NegativeAssessmentPerformed|NegativeAssessmentPerformed|Patient Declined|urn:oid:2.16.840.1.113883.3.526.3.1582|negationRationale|QICoreObservationNotDone|extension:notDoneReason
CMS2-v12-0-000-QDM-5-6.xml|NegativeAssessmentPerformed|NegativeAssessmentPerformed|Medical Reason|urn:oid:2.16.840.1.113883.3.526.3.1007|negationRationale|QICoreObservationNotDone|extension:notDoneReason
CMS2-v12-0-000-QDM-5-6.xml|NegativeAssessmentPerformed|NegativeAssessmentPerformed|||qdmcontext|QICoreObservationNotDone|category
CMS2-v12-0-000-QDM-5-6.xml|PositiveAssessmentPerformed|PositiveAssessmentPerformed|Adolescent depression screening assessment|73831-0:LOINC|code|QICoreObservation|code
CMS2-v12-0-000-QDM-5-6.xml|PositiveAssessmentPerformed|PositiveAssessmentPerformed|||relevantDatetime|QICoreObservation|effective
CMS2-v12-0-000-QDM-5-6.xml|PositiveAssessmentPerformed|PositiveAssessmentPerformed|||relevantPeriod|QICoreObservation|effective
CMS2-v12-0-000-QDM-5-6.xml|PositiveAssessmentPerformed|PositiveAssessmentPerformed|Depression screening negative (finding)|428171000124102:SNOMEDCT|result|QICoreObservation|value
CMS2-v12-0-000-QDM-5-6.xml|PositiveAssessmentPerformed|PositiveAssessmentPerformed|Depression screening positive (finding)|428181000124104:SNOMEDCT|result|QICoreObservation|value
CMS2-v12-0-000-QDM-5-6.xml|PositiveAssessmentPerformed|PositiveAssessmentPerformed|||qdmcontext|QICoreObservation|category
CMS2-v12-0-000-QDM-5-6.xml|NegativeAssessmentPerformed|NegativeAssessmentPerformed|Adult depression screening assessment|73832-8:LOINC|code|QICoreObservationNotDone|code
CMS2-v12-0-000-QDM-5-6.xml|PositiveAssessmentPerformed|PositiveAssessmentPerformed|Adult depression screening assessment|73832-8:LOINC|code|QICoreObservation|code
CMS2-v12-0-000-QDM-5-6.xml|PatientCharacteristicEthnicity||Ethnicity|urn:oid:2.16.840.1.114222.4.11.837|code|QICorePatient|extention:ethnicity
CMS2-v12-0-000-QDM-5-6.xml|PatientCharacteristicPayer||Payer|urn:oid:2.16.840.1.114222.4.11.3591|code|QICoreCoverage|payor
CMS2-v12-0-000-QDM-5-6.xml|PatientCharacteristicRace||Race|urn:oid:2.16.840.1.114222.4.11.836|code|QICorePatient|extension:race
CMS2-v12-0-000-QDM-5-6.xml|PatientCharacteristicSex||ONC Administrative Sex|urn:oid:2.16.840.1.113762.1.4.1|code|QICorePatient|extension:birthsex
CMS2-v12-0-000-QDM-5-6.xml|Diagnosis||Bipolar Diagnosis|urn:oid:2.16.840.1.113883.3.600.450|code|QICoreConditionProblemsHealthConcerns|code
CMS2-v12-0-000-QDM-5-6.xml|Diagnosis||||prevalencePeriod|QICoreConditionProblemsHealthConcerns|onset
CMS2-v12-0-000-QDM-5-6.xml|Diagnosis||||qdmcontext|QICoreConditionProblemsHealthConcerns|clinicalStatus
CMS2-v12-0-000-QDM-5-6.xml|Diagnosis||Depression Diagnosis|urn:oid:2.16.840.1.113883.3.600.145|code|QICoreConditionProblemsHealthConcerns|code
CMS2-v12-0-000-QDM-5-6.xml|PositiveMedicationOrder|PositiveMedicationOrder|Adolescent Depression Medications|urn:oid:2.16.840.1.113883.3.526.3.1567|code|QICoreMedicationRequest|medication
CMS2-v12-0-000-QDM-5-6.xml|PositiveMedicationOrder|PositiveMedicationOrder|||relevantPeriod|QICoreMedicationRequest|dosageInstruction
CMS2-v12-0-000-QDM-5-6.xml|PositiveMedicationOrder|PositiveMedicationOrder|||authorDatetime|QICoreMedicationRequest|authoredOn
CMS2-v12-0-000-QDM-5-6.xml|PositiveMedicationOrder|PositiveMedicationOrder|||qdmcontext|QICoreMedicationRequest|status
CMS2-v12-0-000-QDM-5-6.xml|PositiveInterventionOrder|PositiveInterventionOrder|Referral for Adolescent Depression|urn:oid:2.16.840.1.113883.3.526.3.1570|code|QICoreServiceRequest|code
CMS2-v12-0-000-QDM-5-6.xml|PositiveInterventionOrder|PositiveInterventionOrder|||authorDatetime|QICoreServiceRequest|authoredOn
CMS2-v12-0-000-QDM-5-6.xml|PositiveInterventionOrder|PositiveInterventionOrder|||qdmcontext|QICoreServiceRequest|status
CMS2-v12-0-000-QDM-5-6.xml|PositiveInterventionPerformed|PositiveInterventionPerformed|Follow Up for Adolescent Depression|urn:oid:2.16.840.1.113883.3.526.3.1569|code|QICoreProcedure|code
CMS2-v12-0-000-QDM-5-6.xml|PositiveInterventionPerformed|PositiveInterventionPerformed|||relevantDatetime|QICoreProcedure|performed
CMS2-v12-0-000-QDM-5-6.xml|PositiveInterventionPerformed|PositiveInterventionPerformed|||relevantPeriod|QICoreProcedure|performed
CMS2-v12-0-000-QDM-5-6.xml|PositiveInterventionPerformed|PositiveInterventionPerformed|||authorDatetime|QICoreProcedure|extension:recorded
CMS2-v12-0-000-QDM-5-6.xml|PositiveInterventionPerformed|PositiveInterventionPerformed|||qdmcontext|QICoreProcedure|category
CMS2-v12-0-000-QDM-5-6.xml|PositiveMedicationOrder|PositiveMedicationOrder|Adult Depression Medications|urn:oid:2.16.840.1.113883.3.526.3.1566|code|QICoreMedicationRequest|medication
CMS2-v12-0-000-QDM-5-6.xml|PositiveInterventionOrder|PositiveInterventionOrder|Referral for Adult Depression|urn:oid:2.16.840.1.113883.3.526.3.1571|code|QICoreServiceRequest|code
CMS2-v12-0-000-QDM-5-6.xml|PositiveInterventionPerformed|PositiveInterventionPerformed|Follow Up for Adult Depression|urn:oid:2.16.840.1.113883.3.526.3.1568|code|QICoreProcedure|code
CMS127-v11-0-000-QDM-5-6.xml|PositiveEncounterPerformed|PositiveEncounterPerformed|Office Visit|urn:oid:2.16.840.1.113883.3.464.1003.101.12.1001|code|QICoreEncounter|type
CMS127-v11-0-000-QDM-5-6.xml|PositiveEncounterPerformed|PositiveEncounterPerformed|||relevantPeriod|QICoreEncounter|period
CMS127-v11-0-000-QDM-5-6.xml|PositiveEncounterPerformed|PositiveEncounterPerformed|||qdmcontext|QICoreEncounter|status
CMS127-v11-0-000-QDM-5-6.xml|PositiveEncounterPerformed|PositiveEncounterPerformed|Annual Wellness Visit|urn:oid:2.16.840.1.113883.3.526.3.1240|code|QICoreEncounter|type
CMS127-v11-0-000-QDM-5-6.xml|PositiveEncounterPerformed|PositiveEncounterPerformed|Preventive Care Services Established Office Visit, 18 and Up|urn:oid:2.16.840.1.113883.3.464.1003.101.12.1025|code|QICoreEncounter|type
CMS127-v11-0-000-QDM-5-6.xml|PositiveEncounterPerformed|PositiveEncounterPerformed|Preventive Care Services Initial Office Visit, 18 and Up|urn:oid:2.16.840.1.113883.3.464.1003.101.12.1023|code|QICoreEncounter|type
CMS127-v11-0-000-QDM-5-6.xml|PositiveEncounterPerformed|PositiveEncounterPerformed|Home Healthcare Services|urn:oid:2.16.840.1.113883.3.464.1003.101.12.1016|code|QICoreEncounter|type
CMS127-v11-0-000-QDM-5-6.xml|PositiveEncounterPerformed|PositiveEncounterPerformed|Care Services in Long Term Residential Facility|urn:oid:2.16.840.1.113883.3.464.1003.101.12.1014|code|QICoreEncounter|type
CMS127-v11-0-000-QDM-5-6.xml|PositiveEncounterPerformed|PositiveEncounterPerformed|Nursing Facility Visit|urn:oid:2.16.840.1.113883.3.464.1003.101.12.1012|code|QICoreEncounter|type
CMS127-v11-0-000-QDM-5-6.xml|PositiveEncounterPerformed|PositiveEncounterPerformed|Discharge Services Nursing Facility|urn:oid:2.16.840.1.113883.3.464.1003.101.12.1013|code|QICoreEncounter|type
CMS127-v11-0-000-QDM-5-6.xml|PositiveEncounterPerformed|PositiveEncounterPerformed|Online Assessments|urn:oid:2.16.840.1.113883.3.464.1003.101.12.1089|code|QICoreEncounter|type
CMS127-v11-0-000-QDM-5-6.xml|PositiveEncounterPerformed|PositiveEncounterPerformed|Telephone Visits|urn:oid:2.16.840.1.113883.3.464.1003.101.12.1080|code|QICoreEncounter|type
CMS127-v11-0-000-QDM-5-6.xml|PositiveEncounterPerformed|PositiveEncounterPerformed|Office or other outpatient visit for the evaluation and management of an established patient, that may not require the presence of a physician or other qualified health care professional. Usually, the presenting problem(s) are minimal.|99211:CPT|code|QICoreEncounter|type
CMS127-v11-0-000-QDM-5-6.xml|PatientCharacteristicEthnicity||Ethnicity|urn:oid:2.16.840.1.114222.4.11.837|code|QICorePatient|extention:ethnicity
CMS127-v11-0-000-QDM-5-6.xml|PatientCharacteristicPayer||Payer|urn:oid:2.16.840.1.114222.4.11.3591|code|QICoreCoverage|payor
CMS127-v11-0-000-QDM-5-6.xml|PatientCharacteristicRace||Race|urn:oid:2.16.840.1.114222.4.11.836|code|QICorePatient|extension:race
CMS127-v11-0-000-QDM-5-6.xml|PatientCharacteristicSex||ONC Administrative Sex|urn:oid:2.16.840.1.113762.1.4.1|code|QICorePatient|extension:birthsex
CMS127-v11-0-000-QDM-5-6.xml|PositiveImmunizationAdministered|PositiveImmunizationAdministered|Adult Pneumococcal Vaccine|urn:oid:2.16.840.1.113883.3.464.1003.1161|code|QICoreImmunization|vaccineCode
CMS127-v11-0-000-QDM-5-6.xml|PositiveImmunizationAdministered|PositiveImmunizationAdministered|||relevantDatetime|QICoreImmunization|occurence
CMS127-v11-0-000-QDM-5-6.xml|PositiveImmunizationAdministered|PositiveImmunizationAdministered|||qdmcontext|QICoreImmunization|status
CMS127-v11-0-000-QDM-5-6.xml|PositiveProcedurePerformed|PositiveProcedurePerformed|Adult Pneumococcal Vaccine Administered|urn:oid:2.16.840.1.113883.3.464.1003.1162|code|QICoreProcedure|code
CMS127-v11-0-000-QDM-5-6.xml|PositiveProcedurePerformed|PositiveProcedurePerformed|||relevantDatetime|QICoreProcedure|performed
CMS127-v11-0-000-QDM-5-6.xml|PositiveProcedurePerformed|PositiveProcedurePerformed|||relevantPeriod|QICoreProcedure|performed
CMS127-v11-0-000-QDM-5-6.xml|PositiveProcedurePerformed|PositiveProcedurePerformed|||qdmcontext|QICoreProcedure|category
CMS127-v11-0-000-QDM-5-6.xml|PositiveEncounterPerformed|PositiveEncounterPerformed|Encounter Inpatient|urn:oid:2.16.840.1.113883.3.666.5.307|code|QICoreEncounter|type
CMS127-v11-0-000-QDM-5-6.xml|PositiveEncounterPerformed|PositiveEncounterPerformed|Discharge to home for hospice care (procedure)|428361000124107:SNOMEDCT|dischargeDisposition|QICoreEncounter|hospitalization
CMS127-v11-0-000-QDM-5-6.xml|PositiveEncounterPerformed|PositiveEncounterPerformed|Discharge to healthcare facility for hospice care (procedure)|428371000124100:SNOMEDCT|dischargeDisposition|QICoreEncounter|hospitalization
CMS127-v11-0-000-QDM-5-6.xml|PositiveEncounterPerformed|PositiveEncounterPerformed|Hospice Encounter|urn:oid:2.16.840.1.113883.3.464.1003.1003|code|QICoreEncounter|type
CMS127-v11-0-000-QDM-5-6.xml|PositiveAssessmentPerformed|PositiveAssessmentPerformed|Hospice care [Minimum Data Set]|45755-6:LOINC|code|QICoreObservation|code
CMS127-v11-0-000-QDM-5-6.xml|PositiveAssessmentPerformed|PositiveAssessmentPerformed|Yes (qualifier value)|373066001:SNOMEDCT|result|QICoreObservation|value
CMS127-v11-0-000-QDM-5-6.xml|PositiveAssessmentPerformed|PositiveAssessmentPerformed|||relevantDatetime|QICoreObservation|effective
CMS127-v11-0-000-QDM-5-6.xml|PositiveAssessmentPerformed|PositiveAssessmentPerformed|||relevantPeriod|QICoreObservation|effective
CMS127-v11-0-000-QDM-5-6.xml|PositiveAssessmentPerformed|PositiveAssessmentPerformed|||qdmcontext|QICoreObservation|category
CMS127-v11-0-000-QDM-5-6.xml|PositiveInterventionOrder|PositiveInterventionOrder|Hospice Care Ambulatory|urn:oid:2.16.840.1.113883.3.526.3.1584|code|QICoreServiceRequest|code
CMS127-v11-0-000-QDM-5-6.xml|PositiveInterventionOrder|PositiveInterventionOrder|||authorDatetime|QICoreServiceRequest|authoredOn
CMS127-v11-0-000-QDM-5-6.xml|PositiveInterventionOrder|PositiveInterventionOrder|||qdmcontext|QICoreServiceRequest|status
CMS127-v11-0-000-QDM-5-6.xml|PositiveInterventionPerformed|PositiveInterventionPerformed|Hospice Care Ambulatory|urn:oid:2.16.840.1.113883.3.526.3.1584|code|QICoreProcedure|code
CMS127-v11-0-000-QDM-5-6.xml|PositiveInterventionPerformed|PositiveInterventionPerformed|||relevantDatetime|QICoreProcedure|performed
CMS127-v11-0-000-QDM-5-6.xml|PositiveInterventionPerformed|PositiveInterventionPerformed|||relevantPeriod|QICoreProcedure|performed
CMS127-v11-0-000-QDM-5-6.xml|PositiveInterventionPerformed|PositiveInterventionPerformed|||qdmcontext|QICoreProcedure|category
CMS146-v11-1-000-QDM-5-6.xml|PositiveEncounterPerformed|PositiveEncounterPerformed|Observation care discharge day management (This code is to be utilized to report all services provided to a patient on discharge from outpatient hospital observation status if the discharge is on other than the initial date of observation status. To report services to a patient designated as observation status or inpatient status and discharged on the same date, use the codes for Observation or Inpatient Care Services [including Admission and Discharge Services, 99234-99236 as appropriate.])|99217:CPT|code|QICoreEncounter|type
CMS146-v11-1-000-QDM-5-6.xml|PositiveEncounterPerformed|PositiveEncounterPerformed|||relevantPeriod|QICoreEncounter|period
CMS146-v11-1-000-QDM-5-6.xml|PositiveEncounterPerformed|PositiveEncounterPerformed|||qdmcontext|QICoreEncounter|status
CMS146-v11-1-000-QDM-5-6.xml|PositiveEncounterPerformed|PositiveEncounterPerformed|Emergency Department Visit|urn:oid:2.16.840.1.113883.3.117.1.7.1.292|code|QICoreEncounter|type
CMS146-v11-1-000-QDM-5-6.xml|PositiveEncounterPerformed|PositiveEncounterPerformed|Home Healthcare Services|urn:oid:2.16.840.1.113883.3.464.1003.101.12.1016|code|QICoreEncounter|type
CMS146-v11-1-000-QDM-5-6.xml|PositiveEncounterPerformed|PositiveEncounterPerformed|Initial Hospital Observation Care|urn:oid:2.16.840.1.113883.3.464.1003.101.12.1002|code|QICoreEncounter|type
CMS146-v11-1-000-QDM-5-6.xml|PositiveEncounterPerformed|PositiveEncounterPerformed|Medical Disability Exam|urn:oid:2.16.840.1.113883.3.464.1003.101.12.1073|code|QICoreEncounter|type
CMS146-v11-1-000-QDM-5-6.xml|PositiveEncounterPerformed|PositiveEncounterPerformed|Observation|urn:oid:2.16.840.1.113883.3.464.1003.101.12.1086|code|QICoreEncounter|type
CMS146-v11-1-000-QDM-5-6.xml|PositiveEncounterPerformed|PositiveEncounterPerformed|Office Visit|urn:oid:2.16.840.1.113883.3.464.1003.101.12.1001|code|QICoreEncounter|type
CMS146-v11-1-000-QDM-5-6.xml|PositiveEncounterPerformed|PositiveEncounterPerformed|Telephone Visits|urn:oid:2.16.840.1.113883.3.464.1003.101.12.1080|code|QICoreEncounter|type
CMS146-v11-1-000-QDM-5-6.xml|PositiveEncounterPerformed|PositiveEncounterPerformed|Online Assessments|urn:oid:2.16.840.1.113883.3.464.1003.101.12.1089|code|QICoreEncounter|type
CMS146-v11-1-000-QDM-5-6.xml|PositiveEncounterPerformed|PositiveEncounterPerformed|Outpatient Consultation|urn:oid:2.16.840.1.113883.3.464.1003.101.12.1008|code|QICoreEncounter|type
CMS146-v11-1-000-QDM-5-6.xml|PositiveEncounterPerformed|PositiveEncounterPerformed|Preventive Care Services Established Office Visit, 18 and Up|urn:oid:2.16.840.1.113883.3.464.1003.101.12.1025|code|QICoreEncounter|type
CMS146-v11-1-000-QDM-5-6.xml|PositiveEncounterPerformed|PositiveEncounterPerformed|Preventive Care Services Group Counseling|urn:oid:2.16.840.1.113883.3.464.1003.101.12.1027|code|QICoreEncounter|type
CMS146-v11-1-000-QDM-5-6.xml|PositiveEncounterPerformed|PositiveEncounterPerformed|Unlisted preventive medicine service|99429:CPT|code|QICoreEncounter|type
CMS146-v11-1-000-QDM-5-6.xml|PositiveEncounterPerformed|PositiveEncounterPerformed|Preventive Care Services, Initial Office Visit, 0 to 17|urn:oid:2.16.840.1.113883.3.464.1003.101.12.1022|code|QICoreEncounter|type
CMS146-v11-1-000-QDM-5-6.xml|PositiveEncounterPerformed|PositiveEncounterPerformed|Preventive Care Services Individual Counseling|urn:oid:2.16.840.1.113883.3.464.1003.101.12.1026|code|QICoreEncounter|type
CMS146-v11-1-000-QDM-5-6.xml|PositiveEncounterPerformed|PositiveEncounterPerformed|Preventive Care Services Initial Office Visit, 18 and Up|urn:oid:2.16.840.1.113883.3.464.1003.101.12.1023|code|QICoreEncounter|type
CMS146-v11-1-000-QDM-5-6.xml|PositiveEncounterPerformed|PositiveEncounterPerformed|Preventive Care, Established Office Visit, 0 to 17|urn:oid:2.16.840.1.113883.3.464.1003.101.12.1024|code|QICoreEncounter|type
CMS146-v11-1-000-QDM-5-6.xml|PositiveMedicationOrder|PositiveMedicationOrder|Antibiotic Medications for Pharyngitis|urn:oid:2.16.840.1.113883.3.464.1003.196.12.1001|code|QICoreMedicationRequest|medication
CMS146-v11-1-000-QDM-5-6.xml|PositiveMedicationOrder|PositiveMedicationOrder|||authorDatetime|QICoreMedicationRequest|authoredOn
CMS146-v11-1-000-QDM-5-6.xml|PositiveMedicationOrder|PositiveMedicationOrder|||qdmcontext|QICoreMedicationRequest|status
CMS146-v11-1-000-QDM-5-6.xml|Diagnosis||Acute Pharyngitis|urn:oid:2.16.840.1.113883.3.464.1003.102.12.1011|code|QICoreConditionProblemsHealthConcerns|code
CMS146-v11-1-000-QDM-5-6.xml|Diagnosis||||prevalencePeriod|QICoreConditionProblemsHealthConcerns|onset
CMS146-v11-1-000-QDM-5-6.xml|Diagnosis||||qdmcontext|QICoreConditionProblemsHealthConcerns|clinicalStatus
CMS146-v11-1-000-QDM-5-6.xml|Diagnosis||Acute Tonsillitis|urn:oid:2.16.840.1.113883.3.464.1003.102.12.1012|code|QICoreConditionProblemsHealthConcerns|code
CMS146-v11-1-000-QDM-5-6.xml|PositiveLaboratoryTestPerformed|PositiveLaboratoryTestPerformed|Group A Streptococcus Test|urn:oid:2.16.840.1.113883.3.464.1003.198.12.1012|code|QICoreLaboratoryResultObservation|code
CMS146-v11-1-000-QDM-5-6.xml|PositiveLaboratoryTestPerformed|PositiveLaboratoryTestPerformed|||result|QICoreLaboratoryResultObservation|value
CMS146-v11-1-000-QDM-5-6.xml|PositiveLaboratoryTestPerformed|PositiveLaboratoryTestPerformed|||relevantDatetime|QICoreLaboratoryResultObservation|effective
CMS146-v11-1-000-QDM-5-6.xml|PositiveLaboratoryTestPerformed|PositiveLaboratoryTestPerformed|||relevantPeriod|QICoreLaboratoryResultObservation|effective
CMS146-v11-1-000-QDM-5-6.xml|PositiveLaboratoryTestPerformed|PositiveLaboratoryTestPerformed|||qdmcontext|QICoreLaboratoryResultObservation|status
CMS146-v11-1-000-QDM-5-6.xml|PatientCharacteristicEthnicity||Ethnicity|urn:oid:2.16.840.1.114222.4.11.837|code|QICorePatient|extention:ethnicity
CMS146-v11-1-000-QDM-5-6.xml|PatientCharacteristicPayer||Payer|urn:oid:2.16.840.1.114222.4.11.3591|code|QICoreCoverage|payor
CMS146-v11-1-000-QDM-5-6.xml|PatientCharacteristicRace||Race|urn:oid:2.16.840.1.114222.4.11.836|code|QICorePatient|extension:race
CMS146-v11-1-000-QDM-5-6.xml|PatientCharacteristicSex||ONC Administrative Sex|urn:oid:2.16.840.1.113762.1.4.1|code|QICorePatient|extension:birthsex
CMS146-v11-1-000-QDM-5-6.xml|MedicationActive||Antibiotic Medications for Pharyngitis|urn:oid:2.16.840.1.113883.3.464.1003.196.12.1001|code|QICoreMedicationRequest|medication
CMS146-v11-1-000-QDM-5-6.xml|MedicationActive||||relevantDatetime|QICoreMedicationRequest|dosageInstruction
CMS146-v11-1-000-QDM-5-6.xml|MedicationActive||||relevantPeriod|QICoreMedicationRequest|dosageInstruction
CMS146-v11-1-000-QDM-5-6.xml|MedicationActive||||qdmcontext|QICoreMedicationRequest|status
CMS146-v11-1-000-QDM-5-6.xml|Diagnosis||Competing Conditions for Respiratory Conditions|urn:oid:2.16.840.1.113883.3.464.1003.102.12.1017|code|QICoreConditionProblemsHealthConcerns|code
CMS146-v11-1-000-QDM-5-6.xml|Diagnosis||Comorbid Conditions for Respiratory Conditions|urn:oid:2.16.840.1.113883.3.464.1003.102.12.1025|code|QICoreConditionProblemsHealthConcerns|code
CMS146-v11-1-000-QDM-5-6.xml|PositiveEncounterPerformed|PositiveEncounterPerformed|Encounter Inpatient|urn:oid:2.16.840.1.113883.3.666.5.307|code|QICoreEncounter|type
CMS146-v11-1-000-QDM-5-6.xml|PositiveEncounterPerformed|PositiveEncounterPerformed|Discharge to home for hospice care (procedure)|428361000124107:SNOMEDCT|dischargeDisposition|QICoreEncounter|hospitalization
CMS146-v11-1-000-QDM-5-6.xml|PositiveEncounterPerformed|PositiveEncounterPerformed|Discharge to healthcare facility for hospice care (procedure)|428371000124100:SNOMEDCT|dischargeDisposition|QICoreEncounter|hospitalization
CMS146-v11-1-000-QDM-5-6.xml|PositiveEncounterPerformed|PositiveEncounterPerformed|Hospice Encounter|urn:oid:2.16.840.1.113883.3.464.1003.1003|code|QICoreEncounter|type
CMS146-v11-1-000-QDM-5-6.xml|PositiveAssessmentPerformed|PositiveAssessmentPerformed|Hospice care [Minimum Data Set]|45755-6:LOINC|code|QICoreObservation|code
CMS146-v11-1-000-QDM-5-6.xml|PositiveAssessmentPerformed|PositiveAssessmentPerformed|Yes (qualifier value)|373066001:SNOMEDCT|result|QICoreObservation|value
CMS146-v11-1-000-QDM-5-6.xml|PositiveAssessmentPerformed|PositiveAssessmentPerformed|||relevantDatetime|QICoreObservation|effective
CMS146-v11-1-000-QDM-5-6.xml|PositiveAssessmentPerformed|PositiveAssessmentPerformed|||relevantPeriod|QICoreObservation|effective
CMS146-v11-1-000-QDM-5-6.xml|PositiveAssessmentPerformed|PositiveAssessmentPerformed|||qdmcontext|QICoreObservation|category
CMS146-v11-1-000-QDM-5-6.xml|PositiveInterventionOrder|PositiveInterventionOrder|Hospice Care Ambulatory|urn:oid:2.16.840.1.113883.3.526.3.1584|code|QICoreServiceRequest|code
CMS146-v11-1-000-QDM-5-6.xml|PositiveInterventionOrder|PositiveInterventionOrder|||authorDatetime|QICoreServiceRequest|authoredOn
CMS146-v11-1-000-QDM-5-6.xml|PositiveInterventionOrder|PositiveInterventionOrder|||qdmcontext|QICoreServiceRequest|status
CMS146-v11-1-000-QDM-5-6.xml|PositiveInterventionPerformed|PositiveInterventionPerformed|Hospice Care Ambulatory|urn:oid:2.16.840.1.113883.3.526.3.1584|code|QICoreProcedure|code
CMS146-v11-1-000-QDM-5-6.xml|PositiveInterventionPerformed|PositiveInterventionPerformed|||relevantDatetime|QICoreProcedure|performed
CMS146-v11-1-000-QDM-5-6.xml|PositiveInterventionPerformed|PositiveInterventionPerformed|||relevantPeriod|QICoreProcedure|performed
CMS146-v11-1-000-QDM-5-6.xml|PositiveInterventionPerformed|PositiveInterventionPerformed|||qdmcontext|QICoreProcedure|category
CMS68-v12-0-000-QDM-5-6.xml|PatientCharacteristicEthnicity||Ethnicity|urn:oid:2.16.840.1.114222.4.11.837|code|QICorePatient|extention:ethnicity
CMS68-v12-0-000-QDM-5-6.xml|PatientCharacteristicPayer||Payer|urn:oid:2.16.840.1.114222.4.11.3591|code|QICoreCoverage|payor
CMS68-v12-0-000-QDM-5-6.xml|PatientCharacteristicRace||Race|urn:oid:2.16.840.1.114222.4.11.836|code|QICorePatient|extension:race
CMS68-v12-0-000-QDM-5-6.xml|PatientCharacteristicSex||ONC Administrative Sex|urn:oid:2.16.840.1.113762.1.4.1|code|QICorePatient|extension:birthsex
CMS68-v12-0-000-QDM-5-6.xml|PositiveEncounterPerformed|PositiveEncounterPerformed|Encounter to Document Medications|urn:oid:2.16.840.1.113883.3.600.1.1834|code|QICoreEncounter|type
CMS68-v12-0-000-QDM-5-6.xml|PositiveEncounterPerformed|PositiveEncounterPerformed|||relevantPeriod|QICoreEncounter|period
CMS68-v12-0-000-QDM-5-6.xml|PositiveEncounterPerformed|PositiveEncounterPerformed|||qdmcontext|QICoreEncounter|status
CMS68-v12-0-000-QDM-5-6.xml|NegativeProcedurePerformed|NegativeProcedurePerformed|Documentation of current medications (procedure)|428191000124101:SNOMEDCT|code|QICoreProcedureNotDone|code
CMS68-v12-0-000-QDM-5-6.xml|NegativeProcedurePerformed|NegativeProcedurePerformed|||authorDatetime|QICoreProcedureNotDone|extension:recorded
CMS68-v12-0-000-QDM-5-6.xml|NegativeProcedurePerformed|NegativeProcedurePerformed|Medical Reason|urn:oid:2.16.840.1.113883.3.526.3.1007|negationRationale|QICoreProcedureNotDone|statusReason
CMS68-v12-0-000-QDM-5-6.xml|NegativeProcedurePerformed|NegativeProcedurePerformed|||qdmcontext|QICoreProcedureNotDone|category
CMS68-v12-0-000-QDM-5-6.xml|NegativeInterventionPerformed|NegativeInterventionPerformed|Documentation of current medications (procedure)|428191000124101:SNOMEDCT|code|QICoreProcedureNotDone|code
CMS68-v12-0-000-QDM-5-6.xml|NegativeInterventionPerformed|NegativeInterventionPerformed|||authorDatetime|QICoreProcedureNotDone|extension:recorded
CMS68-v12-0-000-QDM-5-6.xml|NegativeInterventionPerformed|NegativeInterventionPerformed|Medical Reason|urn:oid:2.16.840.1.113883.3.526.3.1007|negationRationale|QICoreProcedureNotDone|statusReason
CMS68-v12-0-000-QDM-5-6.xml|NegativeInterventionPerformed|NegativeInterventionPerformed|||qdmcontext|QICoreProcedureNotDone|category
CMS68-v12-0-000-QDM-5-6.xml|PositiveProcedurePerformed|PositiveProcedurePerformed|Documentation of current medications (procedure)|428191000124101:SNOMEDCT|code|QICoreProcedure|code
CMS68-v12-0-000-QDM-5-6.xml|PositiveProcedurePerformed|PositiveProcedurePerformed|||relevantDatetime|QICoreProcedure|performed
CMS68-v12-0-000-QDM-5-6.xml|PositiveProcedurePerformed|PositiveProcedurePerformed|||relevantPeriod|QICoreProcedure|performed
CMS68-v12-0-000-QDM-5-6.xml|PositiveProcedurePerformed|PositiveProcedurePerformed|||qdmcontext|QICoreProcedure|category
CMS68-v12-0-000-QDM-5-6.xml|PositiveInterventionPerformed|PositiveInterventionPerformed|Documentation of current medications (procedure)|428191000124101:SNOMEDCT|code|QICoreProcedure|code
CMS68-v12-0-000-QDM-5-6.xml|PositiveInterventionPerformed|PositiveInterventionPerformed|||relevantDatetime|QICoreProcedure|performed
CMS68-v12-0-000-QDM-5-6.xml|PositiveInterventionPerformed|PositiveInterventionPerformed|||relevantPeriod|QICoreProcedure|performed
CMS68-v12-0-000-QDM-5-6.xml|PositiveInterventionPerformed|PositiveInterventionPerformed|||qdmcontext|QICoreProcedure|category
CMS50-v11-2-000-QDM-5-6.xml|PositiveEncounterPerformed|PositiveEncounterPerformed|Office Visit|urn:oid:2.16.840.1.113883.3.464.1003.101.12.1001|code|QICoreEncounter|type
CMS50-v11-2-000-QDM-5-6.xml|PositiveEncounterPerformed|PositiveEncounterPerformed|||relevantPeriod|QICoreEncounter|period
CMS50-v11-2-000-QDM-5-6.xml|PositiveEncounterPerformed|PositiveEncounterPerformed|||qdmcontext|QICoreEncounter|status
CMS50-v11-2-000-QDM-5-6.xml|PositiveEncounterPerformed|PositiveEncounterPerformed|Ophthalmological Services|urn:oid:2.16.840.1.113883.3.526.3.1285|code|QICoreEncounter|type
CMS50-v11-2-000-QDM-5-6.xml|PositiveEncounterPerformed|PositiveEncounterPerformed|Preventive Care Services - Established Office Visit, 18 and Up|urn:oid:2.16.840.1.113883.3.464.1003.101.12.1025|code|QICoreEncounter|type
CMS50-v11-2-000-QDM-5-6.xml|PositiveEncounterPerformed|PositiveEncounterPerformed|Preventive Care Services, Initial Office Visit, 0 to 17|urn:oid:2.16.840.1.113883.3.464.1003.101.12.1022|code|QICoreEncounter|type
CMS50-v11-2-000-QDM-5-6.xml|PositiveEncounterPerformed|PositiveEncounterPerformed|Preventive Care Services-Initial Office Visit, 18 and Up|urn:oid:2.16.840.1.113883.3.464.1003.101.12.1023|code|QICoreEncounter|type
CMS50-v11-2-000-QDM-5-6.xml|PositiveEncounterPerformed|PositiveEncounterPerformed|Preventive Care, Established Office Visit, 0 to 17|urn:oid:2.16.840.1.113883.3.464.1003.101.12.1024|code|QICoreEncounter|type
CMS50-v11-2-000-QDM-5-6.xml|PositiveInterventionPerformed|PositiveInterventionPerformed|Referral|urn:oid:2.16.840.1.113883.3.464.1003.101.12.1046|code|QICoreProcedure|code
CMS50-v11-2-000-QDM-5-6.xml|PositiveInterventionPerformed|PositiveInterventionPerformed|||relevantDatetime|QICoreProcedure|performed
CMS50-v11-2-000-QDM-5-6.xml|PositiveInterventionPerformed|PositiveInterventionPerformed|||relevantPeriod|QICoreProcedure|performed
CMS50-v11-2-000-QDM-5-6.xml|PositiveInterventionPerformed|PositiveInterventionPerformed|||id|QICoreProcedure|id
CMS50-v11-2-000-QDM-5-6.xml|PositiveInterventionPerformed|PositiveInterventionPerformed|||qdmcontext|QICoreProcedure|category
CMS50-v11-2-000-QDM-5-6.xml|PositiveInterventionOrder|PositiveInterventionOrder|Referral|urn:oid:2.16.840.1.113883.3.464.1003.101.12.1046|code|QICoreServiceRequest|code
CMS50-v11-2-000-QDM-5-6.xml|PositiveInterventionOrder|PositiveInterventionOrder|||authorDatetime|QICoreServiceRequest|authoredOn
CMS50-v11-2-000-QDM-5-6.xml|PositiveInterventionOrder|PositiveInterventionOrder|||id|QICoreServiceRequest|id
CMS50-v11-2-000-QDM-5-6.xml|PositiveInterventionOrder|PositiveInterventionOrder|||qdmcontext|QICoreServiceRequest|status
CMS50-v11-2-000-QDM-5-6.xml|PatientCharacteristicEthnicity||Ethnicity|urn:oid:2.16.840.1.114222.4.11.837|code|QICorePatient|extention:ethnicity
CMS50-v11-2-000-QDM-5-6.xml|PatientCharacteristicPayer||Payer|urn:oid:2.16.840.1.114222.4.11.3591|code|QICoreCoverage|payor
CMS50-v11-2-000-QDM-5-6.xml|PatientCharacteristicRace||Race|urn:oid:2.16.840.1.114222.4.11.836|code|QICorePatient|extension:race
CMS50-v11-2-000-QDM-5-6.xml|PatientCharacteristicSex||ONC Administrative Sex|urn:oid:2.16.840.1.113762.1.4.1|code|QICorePatient|extension:birthsex
CMS50-v11-2-000-QDM-5-6.xml|PositiveCommunicationPerformed|PositiveCommunicationPerformed|Consultant Report|urn:oid:2.16.840.1.113883.3.464.1003.121.12.1006|code|QICoreCommunication|reasonCode
CMS50-v11-2-000-QDM-5-6.xml|PositiveCommunicationPerformed|PositiveCommunicationPerformed|||relatedTo|QICoreCommunication|basedOn
CMS50-v11-2-000-QDM-5-6.xml|PositiveCommunicationPerformed|PositiveCommunicationPerformed|||receivedDatetime|QICoreCommunication|received
CMS50-v11-2-000-QDM-5-6.xml|PositiveCommunicationPerformed|PositiveCommunicationPerformed|||qdmcontext|QICoreCommunication|status
