Measure|Data Type|Template Id|Data Type Value Set|Data Type Value OID|Attribute
CRLReceiptofSpecialistReportFHIR-0.0.001.xml|Patient|http://hl7.org/fhir/us/qicore/StructureDefinition/qicore-patient|||http://hl7.org/fhir/us/core/StructureDefinition/us-core-ethnicity|false
CRLReceiptofSpecialistReportFHIR-0.0.001.xml|Patient|http://hl7.org/fhir/us/qicore/StructureDefinition/qicore-patient|||extension|
CRLReceiptofSpecialistReportFHIR-0.0.001.xml|Patient|http://hl7.org/fhir/us/qicore/StructureDefinition/qicore-patient|||http://hl7.org/fhir/us/core/StructureDefinition/us-core-race|false
CRLReceiptofSpecialistReportFHIR-0.0.001.xml|Encounter|http://hl7.org/fhir/us/qicore/StructureDefinition/qicore-encounter|Office Visit|http://cts.nlm.nih.gov/fhir/ValueSet/2.16.840.1.113883.3.464.1003.101.12.1001|type
CRLReceiptofSpecialistReportFHIR-0.0.001.xml|Encounter|http://hl7.org/fhir/us/qicore/StructureDefinition/qicore-encounter|finished||status
CRLReceiptofSpecialistReportFHIR-0.0.001.xml|Encounter|http://hl7.org/fhir/us/qicore/StructureDefinition/qicore-encounter|||period
CRLReceiptofSpecialistReportFHIR-0.0.001.xml|Encounter|http://hl7.org/fhir/us/qicore/StructureDefinition/qicore-encounter|Ophthalmological Services|http://cts.nlm.nih.gov/fhir/ValueSet/2.16.840.1.113883.3.526.3.1285|type
CRLReceiptofSpecialistReportFHIR-0.0.001.xml|Encounter|http://hl7.org/fhir/us/qicore/StructureDefinition/qicore-encounter|Preventive Care Services - Established Office Visit, 18 and Up|http://cts.nlm.nih.gov/fhir/ValueSet/2.16.840.1.113883.3.464.1003.101.12.1025|type
CRLReceiptofSpecialistReportFHIR-0.0.001.xml|Encounter|http://hl7.org/fhir/us/qicore/StructureDefinition/qicore-encounter|Preventive Care Services, Initial Office Visit, 0 to 17|http://cts.nlm.nih.gov/fhir/ValueSet/2.16.840.1.113883.3.464.1003.101.12.1022|type
CRLReceiptofSpecialistReportFHIR-0.0.001.xml|Encounter|http://hl7.org/fhir/us/qicore/StructureDefinition/qicore-encounter|Preventive Care Services-Initial Office Visit, 18 and Up|http://cts.nlm.nih.gov/fhir/ValueSet/2.16.840.1.113883.3.464.1003.101.12.1023|type
CRLReceiptofSpecialistReportFHIR-0.0.001.xml|Encounter|http://hl7.org/fhir/us/qicore/StructureDefinition/qicore-encounter|Preventive Care, Established Office Visit, 0 to 17|http://cts.nlm.nih.gov/fhir/ValueSet/2.16.840.1.113883.3.464.1003.101.12.1024|type
CRLReceiptofSpecialistReportFHIR-0.0.001.xml|ServiceRequest|http://hl7.org/fhir/us/qicore/StructureDefinition/qicore-servicerequest|Referral|http://cts.nlm.nih.gov/fhir/ValueSet/2.16.840.1.113883.3.464.1003.101.12.1046|code
CRLReceiptofSpecialistReportFHIR-0.0.001.xml|ServiceRequest|http://hl7.org/fhir/us/qicore/StructureDefinition/qicore-servicerequest|active||status
CRLReceiptofSpecialistReportFHIR-0.0.001.xml|ServiceRequest|http://hl7.org/fhir/us/qicore/StructureDefinition/qicore-servicerequest|completed||status
CRLReceiptofSpecialistReportFHIR-0.0.001.xml|ServiceRequest|http://hl7.org/fhir/us/qicore/StructureDefinition/qicore-servicerequest|order||intent
CRLReceiptofSpecialistReportFHIR-0.0.001.xml|ServiceRequest|http://hl7.org/fhir/us/qicore/StructureDefinition/qicore-servicerequest|||authoredOn|true
CRLReceiptofSpecialistReportFHIR-0.0.001.xml|Task|http://hl7.org/fhir/us/qicore/StructureDefinition/qicore-task|Consultant Report|http://cts.nlm.nih.gov/fhir/ValueSet/2.16.840.1.113883.3.464.1003.121.12.1006|code
CRLReceiptofSpecialistReportFHIR-0.0.001.xml|Task|http://hl7.org/fhir/us/qicore/StructureDefinition/qicore-task|||basedOn|
CRLReceiptofSpecialistReportFHIR-0.0.001.xml|Task|http://hl7.org/fhir/us/qicore/StructureDefinition/qicore-task|||basedOn.reference|false
CRLReceiptofSpecialistReportFHIR-0.0.001.xml|Task|http://hl7.org/fhir/us/qicore/StructureDefinition/qicore-task|||executionPeriod|true
CRLReceiptofSpecialistReportFHIR-0.0.001.xml|Task|http://hl7.org/fhir/us/qicore/StructureDefinition/qicore-task|accepted||status
CRLReceiptofSpecialistReportFHIR-0.0.001.xml|Task|http://hl7.org/fhir/us/qicore/StructureDefinition/qicore-task|received||status
CRLReceiptofSpecialistReportFHIR-0.0.001.xml|Task|http://hl7.org/fhir/us/qicore/StructureDefinition/qicore-task|completed||status
CRLReceiptofSpecialistReportFHIR-0.0.001.xml|Coverage|http://hl7.org/fhir/us/qicore/StructureDefinition/qicore-coverage|Payer|http://cts.nlm.nih.gov/fhir/ValueSet/2.16.840.1.114222.4.11.3591|type
CRLReceiptofSpecialistReportFHIR-0.0.001.xml|Coverage|http://hl7.org/fhir/us/qicore/StructureDefinition/qicore-coverage|||period|
SafeUseofOpioidsConcurrentPrescribingFHIR-0.0.004.xml|Patient|http://hl7.org/fhir/us/qicore/StructureDefinition/qicore-patient|||http://hl7.org/fhir/us/core/StructureDefinition/us-core-ethnicity|false
SafeUseofOpioidsConcurrentPrescribingFHIR-0.0.004.xml|Patient|http://hl7.org/fhir/us/qicore/StructureDefinition/qicore-patient|||extension|
SafeUseofOpioidsConcurrentPrescribingFHIR-0.0.004.xml|Patient|http://hl7.org/fhir/us/qicore/StructureDefinition/qicore-patient|||http://hl7.org/fhir/us/core/StructureDefinition/us-core-race|false
SafeUseofOpioidsConcurrentPrescribingFHIR-0.0.004.xml|MedicationRequest|http://hl7.org/fhir/us/qicore/StructureDefinition/qicore-medicationrequest|Schedule II & III Opioid Medications|http://cts.nlm.nih.gov/fhir/ValueSet/2.16.840.1.113762.1.4.1111.165|medication
SafeUseofOpioidsConcurrentPrescribingFHIR-0.0.004.xml|MedicationRequest|http://hl7.org/fhir/us/qicore/StructureDefinition/qicore-medicationrequest|||category|
SafeUseofOpioidsConcurrentPrescribingFHIR-0.0.004.xml|MedicationRequest|http://hl7.org/fhir/us/qicore/StructureDefinition/qicore-medicationrequest|active||status
SafeUseofOpioidsConcurrentPrescribingFHIR-0.0.004.xml|MedicationRequest|http://hl7.org/fhir/us/qicore/StructureDefinition/qicore-medicationrequest|plan||intent
SafeUseofOpioidsConcurrentPrescribingFHIR-0.0.004.xml|MedicationRequest|http://hl7.org/fhir/us/qicore/StructureDefinition/qicore-medicationrequest|||authoredOn|false
SafeUseofOpioidsConcurrentPrescribingFHIR-0.0.004.xml|MedicationRequest|http://hl7.org/fhir/us/qicore/StructureDefinition/qicore-medicationrequest|Schedule IV Benzodiazepines|http://cts.nlm.nih.gov/fhir/ValueSet/2.16.840.1.113762.1.4.1125.1|medication
SafeUseofOpioidsConcurrentPrescribingFHIR-0.0.004.xml|ServiceRequest|http://hl7.org/fhir/us/qicore/StructureDefinition/qicore-servicerequest|Palliative or Hospice Care|http://cts.nlm.nih.gov/fhir/ValueSet/2.16.840.1.113883.3.600.1.1579|code
SafeUseofOpioidsConcurrentPrescribingFHIR-0.0.004.xml|Procedure|http://hl7.org/fhir/us/qicore/StructureDefinition/qicore-procedure|Palliative or Hospice Care|http://cts.nlm.nih.gov/fhir/ValueSet/2.16.840.1.113883.3.600.1.1579|code
SafeUseofOpioidsConcurrentPrescribingFHIR-0.0.004.xml|Condition|http://hl7.org/fhir/us/qicore/StructureDefinition/qicore-condition|All Primary and Secondary Cancer|http://cts.nlm.nih.gov/fhir/ValueSet/2.16.840.1.113762.1.4.1111.161|code
SafeUseofOpioidsConcurrentPrescribingFHIR-0.0.004.xml|Condition|http://hl7.org/fhir/us/qicore/StructureDefinition/qicore-condition|active|active:ConditionClinicalStatusCodes|clinicalStatus
SafeUseofOpioidsConcurrentPrescribingFHIR-0.0.004.xml|Condition|http://hl7.org/fhir/us/qicore/StructureDefinition/qicore-condition|recurrence|recurrence:ConditionClinicalStatusCodes|clinicalStatus
SafeUseofOpioidsConcurrentPrescribingFHIR-0.0.004.xml|Condition|http://hl7.org/fhir/us/qicore/StructureDefinition/qicore-condition|relapse|relapse:ConditionClinicalStatusCodes|clinicalStatus
SafeUseofOpioidsConcurrentPrescribingFHIR-0.0.004.xml|Condition|http://hl7.org/fhir/us/qicore/StructureDefinition/qicore-condition|||onset|
SafeUseofOpioidsConcurrentPrescribingFHIR-0.0.004.xml|Condition|http://hl7.org/fhir/us/qicore/StructureDefinition/qicore-condition|||abatement|
SafeUseofOpioidsConcurrentPrescribingFHIR-0.0.004.xml|Encounter|http://hl7.org/fhir/us/qicore/StructureDefinition/qicore-encounter|Encounter Inpatient|http://cts.nlm.nih.gov/fhir/ValueSet/2.16.840.1.113883.3.666.5.307|type
SafeUseofOpioidsConcurrentPrescribingFHIR-0.0.004.xml|Encounter|http://hl7.org/fhir/us/qicore/StructureDefinition/qicore-encounter|||period|true
SafeUseofOpioidsConcurrentPrescribingFHIR-0.0.004.xml|Encounter|http://hl7.org/fhir/us/qicore/StructureDefinition/qicore-encounter|Discharge To Acute Care Facility|http://cts.nlm.nih.gov/fhir/ValueSet/2.16.840.1.113883.3.117.1.7.1.87|hospitalization
SafeUseofOpioidsConcurrentPrescribingFHIR-0.0.004.xml|Encounter|http://hl7.org/fhir/us/qicore/StructureDefinition/qicore-encounter|Hospice Care Referral or Admission|http://cts.nlm.nih.gov/fhir/ValueSet/2.16.840.1.113762.1.4.1116.365|hospitalization
SafeUseofOpioidsConcurrentPrescribingFHIR-0.0.004.xml|Encounter|http://hl7.org/fhir/us/qicore/StructureDefinition/qicore-encounter|Patient Expired|http://cts.nlm.nih.gov/fhir/ValueSet/2.16.840.1.113883.3.117.1.7.1.309|hospitalization
SafeUseofOpioidsConcurrentPrescribingFHIR-0.0.004.xml|Encounter|http://hl7.org/fhir/us/qicore/StructureDefinition/qicore-encounter|finished||status
SafeUseofOpioidsConcurrentPrescribingFHIR-0.0.004.xml|Coverage|http://hl7.org/fhir/us/qicore/StructureDefinition/qicore-coverage|Payer|http://cts.nlm.nih.gov/fhir/ValueSet/2.16.840.1.114222.4.11.3591|type
SafeUseofOpioidsConcurrentPrescribingFHIR-0.0.004.xml|Coverage|http://hl7.org/fhir/us/qicore/StructureDefinition/qicore-coverage|||period|
SafeUseofOpioidsConcurrentPrescribingFHIR-0.0.004.xml|Encounter|http://hl7.org/fhir/us/qicore/StructureDefinition/qicore-encounter|Observation Services|http://cts.nlm.nih.gov/fhir/ValueSet/2.16.840.1.113762.1.4.1111.143|type
SafeUseofOpioidsConcurrentPrescribingFHIR-0.0.004.xml|Encounter|http://hl7.org/fhir/us/qicore/StructureDefinition/qicore-encounter|Emergency Department Visit|http://cts.nlm.nih.gov/fhir/ValueSet/2.16.840.1.113883.3.117.1.7.1.292|type
HIVScreeningFHIR-0.0.001.xml|Patient|http://hl7.org/fhir/us/qicore/StructureDefinition/qicore-patient|||http://hl7.org/fhir/us/core/StructureDefinition/us-core-ethnicity|false
HIVScreeningFHIR-0.0.001.xml|Patient|http://hl7.org/fhir/us/qicore/StructureDefinition/qicore-patient|||extension|
HIVScreeningFHIR-0.0.001.xml|Patient|http://hl7.org/fhir/us/qicore/StructureDefinition/qicore-patient|||http://hl7.org/fhir/us/core/StructureDefinition/us-core-race|false
HIVScreeningFHIR-0.0.001.xml|Encounter|http://hl7.org/fhir/us/qicore/StructureDefinition/qicore-encounter|Preventive Care Services, Initial Office Visit, 0 to 17|http://cts.nlm.nih.gov/fhir/ValueSet/2.16.840.1.113883.3.464.1003.101.12.1022|type
HIVScreeningFHIR-0.0.001.xml|Encounter|http://hl7.org/fhir/us/qicore/StructureDefinition/qicore-encounter|||period|true
HIVScreeningFHIR-0.0.001.xml|Encounter|http://hl7.org/fhir/us/qicore/StructureDefinition/qicore-encounter|AMB|AMB:ActCode|class
HIVScreeningFHIR-0.0.001.xml|Encounter|http://hl7.org/fhir/us/qicore/StructureDefinition/qicore-encounter|finished||status
HIVScreeningFHIR-0.0.001.xml|Encounter|http://hl7.org/fhir/us/qicore/StructureDefinition/qicore-encounter|Preventive Care Services-Initial Office Visit, 18 and Up|http://cts.nlm.nih.gov/fhir/ValueSet/2.16.840.1.113883.3.464.1003.101.12.1023|type
HIVScreeningFHIR-0.0.001.xml|Encounter|http://hl7.org/fhir/us/qicore/StructureDefinition/qicore-encounter|Preventive Care, Established Office Visit, 0 to 17|http://cts.nlm.nih.gov/fhir/ValueSet/2.16.840.1.113883.3.464.1003.101.12.1024|type
HIVScreeningFHIR-0.0.001.xml|Encounter|http://hl7.org/fhir/us/qicore/StructureDefinition/qicore-encounter|Preventive Care Services - Established Office Visit, 18 and Up|http://cts.nlm.nih.gov/fhir/ValueSet/2.16.840.1.113883.3.464.1003.101.12.1025|type
HIVScreeningFHIR-0.0.001.xml|Encounter|http://hl7.org/fhir/us/qicore/StructureDefinition/qicore-encounter|Office Visit|http://cts.nlm.nih.gov/fhir/ValueSet/2.16.840.1.113883.3.464.1003.101.12.1001|type
HIVScreeningFHIR-0.0.001.xml|Observation|http://hl7.org/fhir/us/qicore/StructureDefinition/qicore-observation|Human Immunodeficiency Virus (HIV) Laboratory Test Codes (Ab and Ag)|http://cts.nlm.nih.gov/fhir/ValueSet/2.16.840.1.113762.1.4.1056.50|code
HIVScreeningFHIR-0.0.001.xml|Observation|http://hl7.org/fhir/us/qicore/StructureDefinition/qicore-observation|||effective|
HIVScreeningFHIR-0.0.001.xml|Observation|http://hl7.org/fhir/us/qicore/StructureDefinition/qicore-observation|final||status
HIVScreeningFHIR-0.0.001.xml|Observation|http://hl7.org/fhir/us/qicore/StructureDefinition/qicore-observation|amended||status
HIVScreeningFHIR-0.0.001.xml|Observation|http://hl7.org/fhir/us/qicore/StructureDefinition/qicore-observation|HIV 1 and 2 tests - Meaningful Use set|75622-1:LOINC|code
HIVScreeningFHIR-0.0.001.xml|Condition|http://hl7.org/fhir/us/qicore/StructureDefinition/qicore-condition|HIV|http://cts.nlm.nih.gov/fhir/ValueSet/2.16.840.1.113883.3.464.1003.120.12.1003|code
HIVScreeningFHIR-0.0.001.xml|Condition|http://hl7.org/fhir/us/qicore/StructureDefinition/qicore-condition|active|active:ConditionClinicalStatusCodes|clinicalStatus
HIVScreeningFHIR-0.0.001.xml|Coverage|http://hl7.org/fhir/us/qicore/StructureDefinition/qicore-coverage|Payer|http://cts.nlm.nih.gov/fhir/ValueSet/2.16.840.1.114222.4.11.3591|type
HIVScreeningFHIR-0.0.001.xml|Coverage|http://hl7.org/fhir/us/qicore/StructureDefinition/qicore-coverage|||period|
PneumococcalVaccinationStatusforOlderAdultsFHIR-0.0.000.xml|Patient|http://hl7.org/fhir/us/qicore/StructureDefinition/qicore-patient|||http://hl7.org/fhir/us/core/StructureDefinition/us-core-ethnicity|false
PneumococcalVaccinationStatusforOlderAdultsFHIR-0.0.000.xml|Patient|http://hl7.org/fhir/us/qicore/StructureDefinition/qicore-patient|||extension|
PneumococcalVaccinationStatusforOlderAdultsFHIR-0.0.000.xml|Patient|http://hl7.org/fhir/us/qicore/StructureDefinition/qicore-patient|||http://hl7.org/fhir/us/core/StructureDefinition/us-core-race|false
PneumococcalVaccinationStatusforOlderAdultsFHIR-0.0.000.xml|Encounter|http://hl7.org/fhir/us/qicore/StructureDefinition/qicore-encounter|Office Visit|http://cts.nlm.nih.gov/fhir/ValueSet/2.16.840.1.113883.3.464.1003.101.12.1001|type
PneumococcalVaccinationStatusforOlderAdultsFHIR-0.0.000.xml|Encounter|http://hl7.org/fhir/us/qicore/StructureDefinition/qicore-encounter|||period|true
PneumococcalVaccinationStatusforOlderAdultsFHIR-0.0.000.xml|Encounter|http://hl7.org/fhir/us/qicore/StructureDefinition/qicore-encounter|Annual Wellness Visit|http://cts.nlm.nih.gov/fhir/ValueSet/2.16.840.1.113883.3.526.3.1240|type
PneumococcalVaccinationStatusforOlderAdultsFHIR-0.0.000.xml|Encounter|http://hl7.org/fhir/us/qicore/StructureDefinition/qicore-encounter|Preventive Care Services Established Office Visit, 18 and Up|http://cts.nlm.nih.gov/fhir/ValueSet/2.16.840.1.113883.3.464.1003.101.12.1025|type
PneumococcalVaccinationStatusforOlderAdultsFHIR-0.0.000.xml|Encounter|http://hl7.org/fhir/us/qicore/StructureDefinition/qicore-encounter|Preventive Care Services Initial Office Visit, 18 and Up|http://cts.nlm.nih.gov/fhir/ValueSet/2.16.840.1.113883.3.464.1003.101.12.1023|type
PneumococcalVaccinationStatusforOlderAdultsFHIR-0.0.000.xml|Encounter|http://hl7.org/fhir/us/qicore/StructureDefinition/qicore-encounter|Home Healthcare Services|http://cts.nlm.nih.gov/fhir/ValueSet/2.16.840.1.113883.3.464.1003.101.12.1016|type
PneumococcalVaccinationStatusforOlderAdultsFHIR-0.0.000.xml|Encounter|http://hl7.org/fhir/us/qicore/StructureDefinition/qicore-encounter|Care Services in Long Term Residential Facility|http://cts.nlm.nih.gov/fhir/ValueSet/2.16.840.1.113883.3.464.1003.101.12.1014|type
PneumococcalVaccinationStatusforOlderAdultsFHIR-0.0.000.xml|Encounter|http://hl7.org/fhir/us/qicore/StructureDefinition/qicore-encounter|Nursing Facility Visit|http://cts.nlm.nih.gov/fhir/ValueSet/2.16.840.1.113883.3.464.1003.101.12.1012|type
PneumococcalVaccinationStatusforOlderAdultsFHIR-0.0.000.xml|Encounter|http://hl7.org/fhir/us/qicore/StructureDefinition/qicore-encounter|Discharge Services Nursing Facility|http://cts.nlm.nih.gov/fhir/ValueSet/2.16.840.1.113883.3.464.1003.101.12.1013|type
PneumococcalVaccinationStatusforOlderAdultsFHIR-0.0.000.xml|Encounter|http://hl7.org/fhir/us/qicore/StructureDefinition/qicore-encounter|Online Assessments|http://cts.nlm.nih.gov/fhir/ValueSet/2.16.840.1.113883.3.464.1003.101.12.1089|type
PneumococcalVaccinationStatusforOlderAdultsFHIR-0.0.000.xml|Encounter|http://hl7.org/fhir/us/qicore/StructureDefinition/qicore-encounter|Telephone Visits|http://cts.nlm.nih.gov/fhir/ValueSet/2.16.840.1.113883.3.464.1003.101.12.1080|type
PneumococcalVaccinationStatusforOlderAdultsFHIR-0.0.000.xml|Immunization|http://hl7.org/fhir/us/qicore/StructureDefinition/qicore-immunization|Adult Pneumococcal Vaccine|http://cts.nlm.nih.gov/fhir/ValueSet/2.16.840.1.113883.3.464.1003.1161|vaccineCode
PneumococcalVaccinationStatusforOlderAdultsFHIR-0.0.000.xml|Immunization|http://hl7.org/fhir/us/qicore/StructureDefinition/qicore-immunization|||occurrence|
PneumococcalVaccinationStatusforOlderAdultsFHIR-0.0.000.xml|Immunization|http://hl7.org/fhir/us/qicore/StructureDefinition/qicore-immunization|completed||status
PneumococcalVaccinationStatusforOlderAdultsFHIR-0.0.000.xml|Procedure|http://hl7.org/fhir/us/qicore/StructureDefinition/qicore-procedure|Adult Pneumococcal Vaccine Administered|http://cts.nlm.nih.gov/fhir/ValueSet/2.16.840.1.113883.3.464.1003.1162|code
PneumococcalVaccinationStatusforOlderAdultsFHIR-0.0.000.xml|Procedure|http://hl7.org/fhir/us/qicore/StructureDefinition/qicore-procedure|||performed|
PneumococcalVaccinationStatusforOlderAdultsFHIR-0.0.000.xml|Procedure|http://hl7.org/fhir/us/qicore/StructureDefinition/qicore-procedure|completed||status
PneumococcalVaccinationStatusforOlderAdultsFHIR-0.0.000.xml|Encounter|http://hl7.org/fhir/us/qicore/StructureDefinition/qicore-encounter|Encounter Inpatient|http://cts.nlm.nih.gov/fhir/ValueSet/2.16.840.1.113883.3.666.5.307|type
PneumococcalVaccinationStatusforOlderAdultsFHIR-0.0.000.xml|Encounter|http://hl7.org/fhir/us/qicore/StructureDefinition/qicore-encounter|Discharge to home for hospice care (procedure)|428361000124107:SNOMEDCT|hospitalization
PneumococcalVaccinationStatusforOlderAdultsFHIR-0.0.000.xml|Encounter|http://hl7.org/fhir/us/qicore/StructureDefinition/qicore-encounter|Discharge to healthcare facility for hospice care (procedure)|428371000124100:SNOMEDCT|hospitalization
PneumococcalVaccinationStatusforOlderAdultsFHIR-0.0.000.xml|Encounter|http://hl7.org/fhir/us/qicore/StructureDefinition/qicore-encounter|finished||status
PneumococcalVaccinationStatusforOlderAdultsFHIR-0.0.000.xml|Encounter|http://hl7.org/fhir/us/qicore/StructureDefinition/qicore-encounter|Hospice Encounter|http://cts.nlm.nih.gov/fhir/ValueSet/2.16.840.1.113883.3.464.1003.1003|type
PneumococcalVaccinationStatusforOlderAdultsFHIR-0.0.000.xml|Observation|http://hl7.org/fhir/us/qicore/StructureDefinition/qicore-observation|Hospice care [Minimum Data Set]|45755-6:LOINC|code
PneumococcalVaccinationStatusforOlderAdultsFHIR-0.0.000.xml|Observation|http://hl7.org/fhir/us/qicore/StructureDefinition/qicore-observation|Yes (qualifier value)|373066001:SNOMEDCT|value
PneumococcalVaccinationStatusforOlderAdultsFHIR-0.0.000.xml|Observation|http://hl7.org/fhir/us/qicore/StructureDefinition/qicore-observation|||effective|
PneumococcalVaccinationStatusforOlderAdultsFHIR-0.0.000.xml|Observation|http://hl7.org/fhir/us/qicore/StructureDefinition/qicore-observation|final||status
PneumococcalVaccinationStatusforOlderAdultsFHIR-0.0.000.xml|Observation|http://hl7.org/fhir/us/qicore/StructureDefinition/qicore-observation|amended||status
PneumococcalVaccinationStatusforOlderAdultsFHIR-0.0.000.xml|Observation|http://hl7.org/fhir/us/qicore/StructureDefinition/qicore-observation|corrected||status
PneumococcalVaccinationStatusforOlderAdultsFHIR-0.0.000.xml|Observation|http://hl7.org/fhir/us/qicore/StructureDefinition/qicore-observation|||category|
PneumococcalVaccinationStatusforOlderAdultsFHIR-0.0.000.xml|ServiceRequest|http://hl7.org/fhir/us/qicore/StructureDefinition/qicore-servicerequest|Hospice Care Ambulatory|http://cts.nlm.nih.gov/fhir/ValueSet/2.16.840.1.113883.3.526.3.1584|code
PneumococcalVaccinationStatusforOlderAdultsFHIR-0.0.000.xml|ServiceRequest|http://hl7.org/fhir/us/qicore/StructureDefinition/qicore-servicerequest|||authoredOn|true
PneumococcalVaccinationStatusforOlderAdultsFHIR-0.0.000.xml|ServiceRequest|http://hl7.org/fhir/us/qicore/StructureDefinition/qicore-servicerequest|active||status
PneumococcalVaccinationStatusforOlderAdultsFHIR-0.0.000.xml|ServiceRequest|http://hl7.org/fhir/us/qicore/StructureDefinition/qicore-servicerequest|completed||status
PneumococcalVaccinationStatusforOlderAdultsFHIR-0.0.000.xml|ServiceRequest|http://hl7.org/fhir/us/qicore/StructureDefinition/qicore-servicerequest|order||intent
PneumococcalVaccinationStatusforOlderAdultsFHIR-0.0.000.xml|Procedure|http://hl7.org/fhir/us/qicore/StructureDefinition/qicore-procedure|Hospice Care Ambulatory|http://cts.nlm.nih.gov/fhir/ValueSet/2.16.840.1.113883.3.526.3.1584|code
PneumococcalVaccinationStatusforOlderAdultsFHIR-0.0.000.xml|Coverage|http://hl7.org/fhir/us/qicore/StructureDefinition/qicore-coverage|Payer|http://cts.nlm.nih.gov/fhir/ValueSet/2.16.840.1.114222.4.11.3591|type
PneumococcalVaccinationStatusforOlderAdultsFHIR-0.0.000.xml|Coverage|http://hl7.org/fhir/us/qicore/StructureDefinition/qicore-coverage|||period|
AppropriateTestingforPharyngitisFHIR-0.0.000.xml|Patient|http://hl7.org/fhir/us/qicore/StructureDefinition/qicore-patient|||http://hl7.org/fhir/us/core/StructureDefinition/us-core-ethnicity|false
AppropriateTestingforPharyngitisFHIR-0.0.000.xml|Patient|http://hl7.org/fhir/us/qicore/StructureDefinition/qicore-patient|||extension|
AppropriateTestingforPharyngitisFHIR-0.0.000.xml|Patient|http://hl7.org/fhir/us/qicore/StructureDefinition/qicore-patient|||http://hl7.org/fhir/us/core/StructureDefinition/us-core-race|false
AppropriateTestingforPharyngitisFHIR-0.0.000.xml|Encounter|http://hl7.org/fhir/us/qicore/StructureDefinition/qicore-encounter|Emergency Department Visit|http://cts.nlm.nih.gov/fhir/ValueSet/2.16.840.1.113883.3.117.1.7.1.292|type
AppropriateTestingforPharyngitisFHIR-0.0.000.xml|Encounter|http://hl7.org/fhir/us/qicore/StructureDefinition/qicore-encounter|||period|true
AppropriateTestingforPharyngitisFHIR-0.0.000.xml|Encounter|http://hl7.org/fhir/us/qicore/StructureDefinition/qicore-encounter|finished||status
AppropriateTestingforPharyngitisFHIR-0.0.000.xml|Encounter|http://hl7.org/fhir/us/qicore/StructureDefinition/qicore-encounter|Home Healthcare Services|http://cts.nlm.nih.gov/fhir/ValueSet/2.16.840.1.113883.3.464.1003.101.12.1016|type
AppropriateTestingforPharyngitisFHIR-0.0.000.xml|Encounter|http://hl7.org/fhir/us/qicore/StructureDefinition/qicore-encounter|Initial Hospital Observation Care|http://cts.nlm.nih.gov/fhir/ValueSet/2.16.840.1.113883.3.464.1003.101.12.1002|type
AppropriateTestingforPharyngitisFHIR-0.0.000.xml|Encounter|http://hl7.org/fhir/us/qicore/StructureDefinition/qicore-encounter|Medical Disability Exam|http://cts.nlm.nih.gov/fhir/ValueSet/2.16.840.1.113883.3.464.1003.101.12.1073|type
AppropriateTestingforPharyngitisFHIR-0.0.000.xml|Encounter|http://hl7.org/fhir/us/qicore/StructureDefinition/qicore-encounter|Observation|http://cts.nlm.nih.gov/fhir/ValueSet/2.16.840.1.113883.3.464.1003.101.12.1086|type
AppropriateTestingforPharyngitisFHIR-0.0.000.xml|Encounter|http://hl7.org/fhir/us/qicore/StructureDefinition/qicore-encounter|Office Visit|http://cts.nlm.nih.gov/fhir/ValueSet/2.16.840.1.113883.3.464.1003.101.12.1001|type
AppropriateTestingforPharyngitisFHIR-0.0.000.xml|Encounter|http://hl7.org/fhir/us/qicore/StructureDefinition/qicore-encounter|Telephone Visits|http://cts.nlm.nih.gov/fhir/ValueSet/2.16.840.1.113883.3.464.1003.101.12.1080|type
AppropriateTestingforPharyngitisFHIR-0.0.000.xml|Encounter|http://hl7.org/fhir/us/qicore/StructureDefinition/qicore-encounter|Online Assessments|http://cts.nlm.nih.gov/fhir/ValueSet/2.16.840.1.113883.3.464.1003.101.12.1089|type
AppropriateTestingforPharyngitisFHIR-0.0.000.xml|Encounter|http://hl7.org/fhir/us/qicore/StructureDefinition/qicore-encounter|Outpatient Consultation|http://cts.nlm.nih.gov/fhir/ValueSet/2.16.840.1.113883.3.464.1003.101.12.1008|type
AppropriateTestingforPharyngitisFHIR-0.0.000.xml|Encounter|http://hl7.org/fhir/us/qicore/StructureDefinition/qicore-encounter|Preventive Care Services Established Office Visit, 18 and Up|http://cts.nlm.nih.gov/fhir/ValueSet/2.16.840.1.113883.3.464.1003.101.12.1025|type
AppropriateTestingforPharyngitisFHIR-0.0.000.xml|Encounter|http://hl7.org/fhir/us/qicore/StructureDefinition/qicore-encounter|Preventive Care Services Group Counseling|http://cts.nlm.nih.gov/fhir/ValueSet/2.16.840.1.113883.3.464.1003.101.12.1027|type
AppropriateTestingforPharyngitisFHIR-0.0.000.xml|Encounter|http://hl7.org/fhir/us/qicore/StructureDefinition/qicore-encounter|Preventive Care Services, Initial Office Visit, 0 to 17|http://cts.nlm.nih.gov/fhir/ValueSet/2.16.840.1.113883.3.464.1003.101.12.1022|type
AppropriateTestingforPharyngitisFHIR-0.0.000.xml|Encounter|http://hl7.org/fhir/us/qicore/StructureDefinition/qicore-encounter|Preventive Care Services Individual Counseling|http://cts.nlm.nih.gov/fhir/ValueSet/2.16.840.1.113883.3.464.1003.101.12.1026|type
AppropriateTestingforPharyngitisFHIR-0.0.000.xml|Encounter|http://hl7.org/fhir/us/qicore/StructureDefinition/qicore-encounter|Preventive Care Services Initial Office Visit, 18 and Up|http://cts.nlm.nih.gov/fhir/ValueSet/2.16.840.1.113883.3.464.1003.101.12.1023|type
AppropriateTestingforPharyngitisFHIR-0.0.000.xml|Encounter|http://hl7.org/fhir/us/qicore/StructureDefinition/qicore-encounter|Preventive Care, Established Office Visit, 0 to 17|http://cts.nlm.nih.gov/fhir/ValueSet/2.16.840.1.113883.3.464.1003.101.12.1024|type
AppropriateTestingforPharyngitisFHIR-0.0.000.xml|MedicationRequest|http://hl7.org/fhir/us/qicore/StructureDefinition/qicore-medicationrequest|Antibiotic Medications for Pharyngitis|http://cts.nlm.nih.gov/fhir/ValueSet/2.16.840.1.113883.3.464.1003.196.12.1001|medication
AppropriateTestingforPharyngitisFHIR-0.0.000.xml|MedicationRequest|http://hl7.org/fhir/us/qicore/StructureDefinition/qicore-medicationrequest|||authoredOn|true
AppropriateTestingforPharyngitisFHIR-0.0.000.xml|MedicationRequest|http://hl7.org/fhir/us/qicore/StructureDefinition/qicore-medicationrequest|active||status
AppropriateTestingforPharyngitisFHIR-0.0.000.xml|MedicationRequest|http://hl7.org/fhir/us/qicore/StructureDefinition/qicore-medicationrequest|order||intent
AppropriateTestingforPharyngitisFHIR-0.0.000.xml|MedicationRequest|http://hl7.org/fhir/us/qicore/StructureDefinition/qicore-medicationrequest|plan||intent
AppropriateTestingforPharyngitisFHIR-0.0.000.xml|Condition|http://hl7.org/fhir/us/qicore/StructureDefinition/qicore-condition|Acute Pharyngitis|http://cts.nlm.nih.gov/fhir/ValueSet/2.16.840.1.113883.3.464.1003.102.12.1011|code
AppropriateTestingforPharyngitisFHIR-0.0.000.xml|Condition|http://hl7.org/fhir/us/qicore/StructureDefinition/qicore-condition|active|active:ConditionClinicalStatusCodes|clinicalStatus
AppropriateTestingforPharyngitisFHIR-0.0.000.xml|Condition|http://hl7.org/fhir/us/qicore/StructureDefinition/qicore-condition|recurrence|recurrence:ConditionClinicalStatusCodes|clinicalStatus
AppropriateTestingforPharyngitisFHIR-0.0.000.xml|Condition|http://hl7.org/fhir/us/qicore/StructureDefinition/qicore-condition|relapse|relapse:ConditionClinicalStatusCodes|clinicalStatus
AppropriateTestingforPharyngitisFHIR-0.0.000.xml|Condition|http://hl7.org/fhir/us/qicore/StructureDefinition/qicore-condition|||onset|
AppropriateTestingforPharyngitisFHIR-0.0.000.xml|Condition|http://hl7.org/fhir/us/qicore/StructureDefinition/qicore-condition|||abatement|
AppropriateTestingforPharyngitisFHIR-0.0.000.xml|Condition|http://hl7.org/fhir/us/qicore/StructureDefinition/qicore-condition|Acute Tonsillitis|http://cts.nlm.nih.gov/fhir/ValueSet/2.16.840.1.113883.3.464.1003.102.12.1012|code
AppropriateTestingforPharyngitisFHIR-0.0.000.xml|Condition|http://hl7.org/fhir/us/qicore/StructureDefinition/qicore-condition|Competing Conditions for Respiratory Conditions|http://cts.nlm.nih.gov/fhir/ValueSet/2.16.840.1.113883.3.464.1003.102.12.1017|code
AppropriateTestingforPharyngitisFHIR-0.0.000.xml|Condition|http://hl7.org/fhir/us/qicore/StructureDefinition/qicore-condition|Comorbid Conditions for Respiratory Conditions|http://cts.nlm.nih.gov/fhir/ValueSet/2.16.840.1.113883.3.464.1003.102.12.1025|code
AppropriateTestingforPharyngitisFHIR-0.0.000.xml|Observation|http://hl7.org/fhir/us/qicore/StructureDefinition/qicore-observation|Group A Streptococcus Test|http://cts.nlm.nih.gov/fhir/ValueSet/2.16.840.1.113883.3.464.1003.198.12.1012|code
AppropriateTestingforPharyngitisFHIR-0.0.000.xml|Observation|http://hl7.org/fhir/us/qicore/StructureDefinition/qicore-observation|||value|
AppropriateTestingforPharyngitisFHIR-0.0.000.xml|Observation|http://hl7.org/fhir/us/qicore/StructureDefinition/qicore-observation|||effective|
AppropriateTestingforPharyngitisFHIR-0.0.000.xml|Observation|http://hl7.org/fhir/us/qicore/StructureDefinition/qicore-observation|final||status
AppropriateTestingforPharyngitisFHIR-0.0.000.xml|Observation|http://hl7.org/fhir/us/qicore/StructureDefinition/qicore-observation|amended||status
AppropriateTestingforPharyngitisFHIR-0.0.000.xml|Observation|http://hl7.org/fhir/us/qicore/StructureDefinition/qicore-observation|corrected||status
AppropriateTestingforPharyngitisFHIR-0.0.000.xml|Observation|http://hl7.org/fhir/us/qicore/StructureDefinition/qicore-observation|||category|
AppropriateTestingforPharyngitisFHIR-0.0.000.xml|Coverage|http://hl7.org/fhir/us/qicore/StructureDefinition/qicore-coverage|Payer|http://cts.nlm.nih.gov/fhir/ValueSet/2.16.840.1.114222.4.11.3591|type
AppropriateTestingforPharyngitisFHIR-0.0.000.xml|Coverage|http://hl7.org/fhir/us/qicore/StructureDefinition/qicore-coverage|||period|
AppropriateTestingforPharyngitisFHIR-0.0.000.xml|Encounter|http://hl7.org/fhir/us/qicore/StructureDefinition/qicore-encounter|Encounter Inpatient|http://cts.nlm.nih.gov/fhir/ValueSet/2.16.840.1.113883.3.666.5.307|type
AppropriateTestingforPharyngitisFHIR-0.0.000.xml|Encounter|http://hl7.org/fhir/us/qicore/StructureDefinition/qicore-encounter|Discharge to home for hospice care (procedure)|428361000124107:SNOMEDCT|hospitalization
AppropriateTestingforPharyngitisFHIR-0.0.000.xml|Encounter|http://hl7.org/fhir/us/qicore/StructureDefinition/qicore-encounter|Discharge to healthcare facility for hospice care (procedure)|428371000124100:SNOMEDCT|hospitalization
AppropriateTestingforPharyngitisFHIR-0.0.000.xml|Encounter|http://hl7.org/fhir/us/qicore/StructureDefinition/qicore-encounter|Hospice Encounter|http://cts.nlm.nih.gov/fhir/ValueSet/2.16.840.1.113883.3.464.1003.1003|type
AppropriateTestingforPharyngitisFHIR-0.0.000.xml|Observation|http://hl7.org/fhir/us/qicore/StructureDefinition/qicore-observation|Hospice care [Minimum Data Set]|45755-6:LOINC|code
AppropriateTestingforPharyngitisFHIR-0.0.000.xml|Observation|http://hl7.org/fhir/us/qicore/StructureDefinition/qicore-observation|Yes (qualifier value)|373066001:SNOMEDCT|value
AppropriateTestingforPharyngitisFHIR-0.0.000.xml|ServiceRequest|http://hl7.org/fhir/us/qicore/StructureDefinition/qicore-servicerequest|Hospice Care Ambulatory|http://cts.nlm.nih.gov/fhir/ValueSet/2.16.840.1.113883.3.526.3.1584|code
AppropriateTestingforPharyngitisFHIR-0.0.000.xml|ServiceRequest|http://hl7.org/fhir/us/qicore/StructureDefinition/qicore-servicerequest|||authoredOn|true
AppropriateTestingforPharyngitisFHIR-0.0.000.xml|ServiceRequest|http://hl7.org/fhir/us/qicore/StructureDefinition/qicore-servicerequest|active||status
AppropriateTestingforPharyngitisFHIR-0.0.000.xml|ServiceRequest|http://hl7.org/fhir/us/qicore/StructureDefinition/qicore-servicerequest|completed||status
AppropriateTestingforPharyngitisFHIR-0.0.000.xml|ServiceRequest|http://hl7.org/fhir/us/qicore/StructureDefinition/qicore-servicerequest|order||intent
AppropriateTestingforPharyngitisFHIR-0.0.000.xml|Procedure|http://hl7.org/fhir/us/qicore/StructureDefinition/qicore-procedure|Hospice Care Ambulatory|http://cts.nlm.nih.gov/fhir/ValueSet/2.16.840.1.113883.3.526.3.1584|code
AppropriateTestingforPharyngitisFHIR-0.0.000.xml|Procedure|http://hl7.org/fhir/us/qicore/StructureDefinition/qicore-procedure|||performed|
AppropriateTestingforPharyngitisFHIR-0.0.000.xml|Procedure|http://hl7.org/fhir/us/qicore/StructureDefinition/qicore-procedure|completed||status
PCSDepressionScreenAndFollowUpFHIR-0.0.017.xml|Patient|http://hl7.org/fhir/us/qicore/StructureDefinition/qicore-patient|||http://hl7.org/fhir/us/core/StructureDefinition/us-core-ethnicity|false
PCSDepressionScreenAndFollowUpFHIR-0.0.017.xml|Patient|http://hl7.org/fhir/us/qicore/StructureDefinition/qicore-patient|||extension|
PCSDepressionScreenAndFollowUpFHIR-0.0.017.xml|Patient|http://hl7.org/fhir/us/qicore/StructureDefinition/qicore-patient|||http://hl7.org/fhir/us/core/StructureDefinition/us-core-race|false
PCSDepressionScreenAndFollowUpFHIR-0.0.017.xml|Encounter|http://hl7.org/fhir/us/qicore/StructureDefinition/qicore-encounter|Encounter to Screen for Depression|http://cts.nlm.nih.gov/fhir/ValueSet/2.16.840.1.113883.3.600.1916|type
PCSDepressionScreenAndFollowUpFHIR-0.0.017.xml|Encounter|http://hl7.org/fhir/us/qicore/StructureDefinition/qicore-encounter|||period
PCSDepressionScreenAndFollowUpFHIR-0.0.017.xml|Encounter|http://hl7.org/fhir/us/qicore/StructureDefinition/qicore-encounter|finished||status
PCSDepressionScreenAndFollowUpFHIR-0.0.017.xml|Encounter|http://hl7.org/fhir/us/qicore/StructureDefinition/qicore-encounter|Physical Therapy Evaluation|http://cts.nlm.nih.gov/fhir/ValueSet/2.16.840.1.113883.3.526.3.1022|type
PCSDepressionScreenAndFollowUpFHIR-0.0.017.xml|Encounter|http://hl7.org/fhir/us/qicore/StructureDefinition/qicore-encounter|Telephone Visits|http://cts.nlm.nih.gov/fhir/ValueSet/2.16.840.1.113883.3.464.1003.101.12.1080|type
PCSDepressionScreenAndFollowUpFHIR-0.0.017.xml|Observation|http://hl7.org/fhir/us/qicore/StructureDefinition/qicore-observationnotdone|Adolescent depression screening assessment|73831-0:LOINC|code
PCSDepressionScreenAndFollowUpFHIR-0.0.017.xml|Observation|http://hl7.org/fhir/us/qicore/StructureDefinition/qicore-observationnotdone|Patient Declined|http://cts.nlm.nih.gov/fhir/ValueSet/2.16.840.1.113883.3.526.3.1582|extension
PCSDepressionScreenAndFollowUpFHIR-0.0.017.xml|Observation|http://hl7.org/fhir/us/qicore/StructureDefinition/qicore-observationnotdone|Medical Reason|http://cts.nlm.nih.gov/fhir/ValueSet/2.16.840.1.113883.3.526.3.1007|extension
PCSDepressionScreenAndFollowUpFHIR-0.0.017.xml|Observation|http://hl7.org/fhir/us/qicore/StructureDefinition/qicore-observationnotdone|||issued|false
PCSDepressionScreenAndFollowUpFHIR-0.0.017.xml|Observation|http://hl7.org/fhir/us/qicore/StructureDefinition/qicore-observationnotdone|cancelled||status
PCSDepressionScreenAndFollowUpFHIR-0.0.017.xml|Observation|http://hl7.org/fhir/us/qicore/StructureDefinition/qicore-observation|||effective|
PCSDepressionScreenAndFollowUpFHIR-0.0.017.xml|Observation|http://hl7.org/fhir/us/qicore/StructureDefinition/qicore-observation|Depression screening negative (finding)|428171000124102:SNOMEDCT|value
PCSDepressionScreenAndFollowUpFHIR-0.0.017.xml|Observation|http://hl7.org/fhir/us/qicore/StructureDefinition/qicore-observation|Depression screening positive (finding)|428181000124104:SNOMEDCT|value
PCSDepressionScreenAndFollowUpFHIR-0.0.017.xml|Observation|http://hl7.org/fhir/us/qicore/StructureDefinition/qicore-observationnotdone|Adult depression screening assessment|73832-8:LOINC|code
PCSDepressionScreenAndFollowUpFHIR-0.0.017.xml|Condition|http://hl7.org/fhir/us/qicore/StructureDefinition/qicore-condition|Bipolar Disorder|http://cts.nlm.nih.gov/fhir/ValueSet/2.16.840.1.113883.3.67.1.101.1.128|code
PCSDepressionScreenAndFollowUpFHIR-0.0.017.xml|Condition|http://hl7.org/fhir/us/qicore/StructureDefinition/qicore-condition|active|active:ConditionClinicalStatusCodes|clinicalStatus
PCSDepressionScreenAndFollowUpFHIR-0.0.017.xml|Condition|http://hl7.org/fhir/us/qicore/StructureDefinition/qicore-condition|recurrence|recurrence:ConditionClinicalStatusCodes|clinicalStatus
PCSDepressionScreenAndFollowUpFHIR-0.0.017.xml|Condition|http://hl7.org/fhir/us/qicore/StructureDefinition/qicore-condition|relapse|relapse:ConditionClinicalStatusCodes|clinicalStatus
PCSDepressionScreenAndFollowUpFHIR-0.0.017.xml|Condition|http://hl7.org/fhir/us/qicore/StructureDefinition/qicore-condition|remission|remission:ConditionClinicalStatusCodes|clinicalStatus
PCSDepressionScreenAndFollowUpFHIR-0.0.017.xml|Condition|http://hl7.org/fhir/us/qicore/StructureDefinition/qicore-condition|||onset|
PCSDepressionScreenAndFollowUpFHIR-0.0.017.xml|Condition|http://hl7.org/fhir/us/qicore/StructureDefinition/qicore-condition|||abatement|
PCSDepressionScreenAndFollowUpFHIR-0.0.017.xml|MedicationRequest|http://hl7.org/fhir/us/qicore/StructureDefinition/qicore-medicationrequest|Adolescent Depression Medications|http://cts.nlm.nih.gov/fhir/ValueSet/2.16.840.1.113883.3.526.3.1567|medication
PCSDepressionScreenAndFollowUpFHIR-0.0.017.xml|ServiceRequest|http://hl7.org/fhir/us/qicore/StructureDefinition/qicore-servicerequest|Referral for Adolescent Depression|http://cts.nlm.nih.gov/fhir/ValueSet/2.16.840.1.113883.3.526.3.1570|code
PCSDepressionScreenAndFollowUpFHIR-0.0.017.xml|Procedure|http://hl7.org/fhir/us/qicore/StructureDefinition/qicore-procedure|Follow Up for Adolescent Depression|http://cts.nlm.nih.gov/fhir/ValueSet/2.16.840.1.113883.3.526.3.1569|code
PCSDepressionScreenAndFollowUpFHIR-0.0.017.xml|MedicationRequest|http://hl7.org/fhir/us/qicore/StructureDefinition/qicore-medicationrequest|Adult Depression Medications|http://cts.nlm.nih.gov/fhir/ValueSet/2.16.840.1.113883.3.526.3.1566|medication
PCSDepressionScreenAndFollowUpFHIR-0.0.017.xml|ServiceRequest|http://hl7.org/fhir/us/qicore/StructureDefinition/qicore-servicerequest|Referral for Adult Depression|http://cts.nlm.nih.gov/fhir/ValueSet/2.16.840.1.113883.3.526.3.1571|code
PCSDepressionScreenAndFollowUpFHIR-0.0.017.xml|Procedure|http://hl7.org/fhir/us/qicore/StructureDefinition/qicore-procedure|Follow Up for Adult Depression|http://cts.nlm.nih.gov/fhir/ValueSet/2.16.840.1.113883.3.526.3.1568|code
PCSDepressionScreenAndFollowUpFHIR-0.0.017.xml|Coverage|http://hl7.org/fhir/us/qicore/StructureDefinition/qicore-coverage|Payer|http://cts.nlm.nih.gov/fhir/ValueSet/2.16.840.1.114222.4.11.3591|type
PCSDepressionScreenAndFollowUpFHIR-0.0.017.xml|Coverage|http://hl7.org/fhir/us/qicore/StructureDefinition/qicore-coverage|||period|
ChildandAdolescentMajorDepressiveDisorderMDDSuicideRiskAssessmentFHIR-0.0.003.xml|Patient|http://hl7.org/fhir/us/qicore/StructureDefinition/qicore-patient|||http://hl7.org/fhir/us/core/StructureDefinition/us-core-ethnicity|false
ChildandAdolescentMajorDepressiveDisorderMDDSuicideRiskAssessmentFHIR-0.0.003.xml|Patient|http://hl7.org/fhir/us/qicore/StructureDefinition/qicore-patient|||extension|
ChildandAdolescentMajorDepressiveDisorderMDDSuicideRiskAssessmentFHIR-0.0.003.xml|Patient|http://hl7.org/fhir/us/qicore/StructureDefinition/qicore-patient|||http://hl7.org/fhir/us/core/StructureDefinition/us-core-race|false
ChildandAdolescentMajorDepressiveDisorderMDDSuicideRiskAssessmentFHIR-0.0.003.xml|Encounter|http://hl7.org/fhir/us/qicore/StructureDefinition/qicore-encounter|Office Visit|http://cts.nlm.nih.gov/fhir/ValueSet/2.16.840.1.113883.3.464.1003.101.12.1001|type
ChildandAdolescentMajorDepressiveDisorderMDDSuicideRiskAssessmentFHIR-0.0.003.xml|Encounter|http://hl7.org/fhir/us/qicore/StructureDefinition/qicore-encounter|finished||status
ChildandAdolescentMajorDepressiveDisorderMDDSuicideRiskAssessmentFHIR-0.0.003.xml|Encounter|http://hl7.org/fhir/us/qicore/StructureDefinition/qicore-encounter|AMB|AMB:ActCode|class
ChildandAdolescentMajorDepressiveDisorderMDDSuicideRiskAssessmentFHIR-0.0.003.xml|Encounter|http://hl7.org/fhir/us/qicore/StructureDefinition/qicore-encounter|Major Depressive Disorder Active|http://cts.nlm.nih.gov/fhir/ValueSet/2.16.840.1.113883.3.526.3.1491|reasonCode
ChildandAdolescentMajorDepressiveDisorderMDDSuicideRiskAssessmentFHIR-0.0.003.xml|Encounter|http://hl7.org/fhir/us/qicore/StructureDefinition/qicore-encounter|||period|true
ChildandAdolescentMajorDepressiveDisorderMDDSuicideRiskAssessmentFHIR-0.0.003.xml|Encounter|http://hl7.org/fhir/us/qicore/StructureDefinition/qicore-encounter|||diagnosis|
ChildandAdolescentMajorDepressiveDisorderMDDSuicideRiskAssessmentFHIR-0.0.003.xml|Encounter|http://hl7.org/fhir/us/qicore/StructureDefinition/qicore-encounter|||diagnosis.condition|false
ChildandAdolescentMajorDepressiveDisorderMDDSuicideRiskAssessmentFHIR-0.0.003.xml|Encounter|http://hl7.org/fhir/us/qicore/StructureDefinition/qicore-encounter|Outpatient Consultation|http://cts.nlm.nih.gov/fhir/ValueSet/2.16.840.1.113883.3.464.1003.101.12.1008|type
ChildandAdolescentMajorDepressiveDisorderMDDSuicideRiskAssessmentFHIR-0.0.003.xml|Encounter|http://hl7.org/fhir/us/qicore/StructureDefinition/qicore-encounter|Psych Visit Diagnostic Evaluation|http://cts.nlm.nih.gov/fhir/ValueSet/2.16.840.1.113883.3.526.3.1492|type
ChildandAdolescentMajorDepressiveDisorderMDDSuicideRiskAssessmentFHIR-0.0.003.xml|Encounter|http://hl7.org/fhir/us/qicore/StructureDefinition/qicore-encounter|Psych Visit for Family Psychotherapy|http://cts.nlm.nih.gov/fhir/ValueSet/2.16.840.1.113883.3.526.3.1018|type
ChildandAdolescentMajorDepressiveDisorderMDDSuicideRiskAssessmentFHIR-0.0.003.xml|Encounter|http://hl7.org/fhir/us/qicore/StructureDefinition/qicore-encounter|Psych Visit Psychotherapy|http://cts.nlm.nih.gov/fhir/ValueSet/2.16.840.1.113883.3.526.3.1496|type
ChildandAdolescentMajorDepressiveDisorderMDDSuicideRiskAssessmentFHIR-0.0.003.xml|Encounter|http://hl7.org/fhir/us/qicore/StructureDefinition/qicore-encounter|Psychoanalysis|http://cts.nlm.nih.gov/fhir/ValueSet/2.16.840.1.113883.3.526.3.1141|type
ChildandAdolescentMajorDepressiveDisorderMDDSuicideRiskAssessmentFHIR-0.0.003.xml|Encounter|http://hl7.org/fhir/us/qicore/StructureDefinition/qicore-encounter|Group Psychotherapy|http://cts.nlm.nih.gov/fhir/ValueSet/2.16.840.1.113883.3.526.3.1187|type
ChildandAdolescentMajorDepressiveDisorderMDDSuicideRiskAssessmentFHIR-0.0.003.xml|Encounter|http://hl7.org/fhir/us/qicore/StructureDefinition/qicore-encounter|Telehealth Services|http://cts.nlm.nih.gov/fhir/ValueSet/2.16.840.1.113883.3.464.1003.101.12.1031|type
ChildandAdolescentMajorDepressiveDisorderMDDSuicideRiskAssessmentFHIR-0.0.003.xml|Procedure|http://hl7.org/fhir/us/qicore/StructureDefinition/qicore-procedure|Suicide risk assessment (procedure)|225337009:SNOMEDCT|code
ChildandAdolescentMajorDepressiveDisorderMDDSuicideRiskAssessmentFHIR-0.0.003.xml|Procedure|http://hl7.org/fhir/us/qicore/StructureDefinition/qicore-procedure|completed||status
ChildandAdolescentMajorDepressiveDisorderMDDSuicideRiskAssessmentFHIR-0.0.003.xml|Procedure|http://hl7.org/fhir/us/qicore/StructureDefinition/qicore-procedure|||performed|true
ChildandAdolescentMajorDepressiveDisorderMDDSuicideRiskAssessmentFHIR-0.0.003.xml|Condition|http://hl7.org/fhir/us/qicore/StructureDefinition/qicore-condition|Major Depressive Disorder Active|http://cts.nlm.nih.gov/fhir/ValueSet/2.16.840.1.113883.3.526.3.1491|code
ChildandAdolescentMajorDepressiveDisorderMDDSuicideRiskAssessmentFHIR-0.0.003.xml|Coverage|http://hl7.org/fhir/us/qicore/StructureDefinition/qicore-coverage|Payer|http://cts.nlm.nih.gov/fhir/ValueSet/2.16.840.1.114222.4.11.3591|type
ChildandAdolescentMajorDepressiveDisorderMDDSuicideRiskAssessmentFHIR-0.0.003.xml|Coverage|http://hl7.org/fhir/us/qicore/StructureDefinition/qicore-coverage|||period|
DocumentationofCurrentMedicationsFHIR-0.0.010.xml|Patient|http://hl7.org/fhir/us/qicore/StructureDefinition/qicore-patient|||http://hl7.org/fhir/us/core/StructureDefinition/us-core-ethnicity|false
DocumentationofCurrentMedicationsFHIR-0.0.010.xml|Patient|http://hl7.org/fhir/us/qicore/StructureDefinition/qicore-patient|||extension|
DocumentationofCurrentMedicationsFHIR-0.0.010.xml|Patient|http://hl7.org/fhir/us/qicore/StructureDefinition/qicore-patient|||http://hl7.org/fhir/us/core/StructureDefinition/us-core-race|false
DocumentationofCurrentMedicationsFHIR-0.0.010.xml|Encounter|http://hl7.org/fhir/us/qicore/StructureDefinition/qicore-encounter|Encounter to Document Medications|http://cts.nlm.nih.gov/fhir/ValueSet/2.16.840.1.113883.3.600.1.1834|type
DocumentationofCurrentMedicationsFHIR-0.0.010.xml|Encounter|http://hl7.org/fhir/us/qicore/StructureDefinition/qicore-encounter|finished||status
DocumentationofCurrentMedicationsFHIR-0.0.010.xml|Encounter|http://hl7.org/fhir/us/qicore/StructureDefinition/qicore-encounter|||period
DocumentationofCurrentMedicationsFHIR-0.0.010.xml|Task|http://hl7.org/fhir/us/qicore/StructureDefinition/qicore-task|Documentation of current medications (procedure)|428191000124101:SNOMEDCT|code
DocumentationofCurrentMedicationsFHIR-0.0.010.xml|Task|http://hl7.org/fhir/us/qicore/StructureDefinition/qicore-task|||authoredOn|false
DocumentationofCurrentMedicationsFHIR-0.0.010.xml|Task|http://hl7.org/fhir/us/qicore/StructureDefinition/qicore-task|received||status
DocumentationofCurrentMedicationsFHIR-0.0.010.xml|Task|http://hl7.org/fhir/us/qicore/StructureDefinition/qicore-task|accepted||status
DocumentationofCurrentMedicationsFHIR-0.0.010.xml|Task|http://hl7.org/fhir/us/qicore/StructureDefinition/qicore-task|rejected||status
DocumentationofCurrentMedicationsFHIR-0.0.010.xml|Task|http://hl7.org/fhir/us/qicore/StructureDefinition/qicore-task|Medical Reason|http://cts.nlm.nih.gov/fhir/ValueSet/2.16.840.1.113883.3.526.3.1007|reasonCode
DocumentationofCurrentMedicationsFHIR-0.0.010.xml|Coverage|http://hl7.org/fhir/us/qicore/StructureDefinition/qicore-coverage|Payer|http://cts.nlm.nih.gov/fhir/ValueSet/2.16.840.1.114222.4.11.3591|type
DocumentationofCurrentMedicationsFHIR-0.0.010.xml|Coverage|http://hl7.org/fhir/us/qicore/StructureDefinition/qicore-coverage|||period|
HospitalHarmOpioidRelatedAdverseEventsFHIR-0.0.000.xml|Patient|http://hl7.org/fhir/us/qicore/StructureDefinition/qicore-patient|||http://hl7.org/fhir/us/core/StructureDefinition/us-core-ethnicity|false
HospitalHarmOpioidRelatedAdverseEventsFHIR-0.0.000.xml|Patient|http://hl7.org/fhir/us/qicore/StructureDefinition/qicore-patient|||extension|
HospitalHarmOpioidRelatedAdverseEventsFHIR-0.0.000.xml|Patient|http://hl7.org/fhir/us/qicore/StructureDefinition/qicore-patient|||http://hl7.org/fhir/us/core/StructureDefinition/us-core-race|false
HospitalHarmOpioidRelatedAdverseEventsFHIR-0.0.000.xml|Encounter|http://hl7.org/fhir/us/qicore/StructureDefinition/qicore-encounter|Encounter Inpatient|http://cts.nlm.nih.gov/fhir/ValueSet/2.16.840.1.113883.3.666.5.307|type
HospitalHarmOpioidRelatedAdverseEventsFHIR-0.0.000.xml|Encounter|http://hl7.org/fhir/us/qicore/StructureDefinition/qicore-encounter|||period|true
HospitalHarmOpioidRelatedAdverseEventsFHIR-0.0.000.xml|Encounter|http://hl7.org/fhir/us/qicore/StructureDefinition/qicore-encounter|finished||status
HospitalHarmOpioidRelatedAdverseEventsFHIR-0.0.000.xml|Encounter|http://hl7.org/fhir/us/qicore/StructureDefinition/qicore-encounter|||location|
HospitalHarmOpioidRelatedAdverseEventsFHIR-0.0.000.xml|Encounter|http://hl7.org/fhir/us/qicore/StructureDefinition/qicore-encounter|||location.location|false
HospitalHarmOpioidRelatedAdverseEventsFHIR-0.0.000.xml|Encounter|http://hl7.org/fhir/us/qicore/StructureDefinition/qicore-encounter|||location.period|false
HospitalHarmOpioidRelatedAdverseEventsFHIR-0.0.000.xml|MedicationAdministration|http://hl7.org/fhir/us/qicore/StructureDefinition/qicore-medicationadministration|Opioids, All|http://cts.nlm.nih.gov/fhir/ValueSet/2.16.840.1.113762.1.4.1196.226|medication
HospitalHarmOpioidRelatedAdverseEventsFHIR-0.0.000.xml|MedicationAdministration|http://hl7.org/fhir/us/qicore/StructureDefinition/qicore-medicationadministration|completed||status
HospitalHarmOpioidRelatedAdverseEventsFHIR-0.0.000.xml|MedicationAdministration|http://hl7.org/fhir/us/qicore/StructureDefinition/qicore-medicationadministration|not-done||status
HospitalHarmOpioidRelatedAdverseEventsFHIR-0.0.000.xml|MedicationAdministration|http://hl7.org/fhir/us/qicore/StructureDefinition/qicore-medicationadministration|||effective|false
HospitalHarmOpioidRelatedAdverseEventsFHIR-0.0.000.xml|MedicationAdministration|http://hl7.org/fhir/us/qicore/StructureDefinition/qicore-medicationadministration|Opioid Antagonist|http://cts.nlm.nih.gov/fhir/ValueSet/2.16.840.1.113762.1.4.1248.119|medication
HospitalHarmOpioidRelatedAdverseEventsFHIR-0.0.000.xml|MedicationAdministration|http://hl7.org/fhir/us/qicore/StructureDefinition/qicore-medicationadministration|Routes of Administration for Opioid Antagonists|http://cts.nlm.nih.gov/fhir/ValueSet/2.16.840.1.113762.1.4.1248.187|dosage
HospitalHarmOpioidRelatedAdverseEventsFHIR-0.0.000.xml|Encounter|http://hl7.org/fhir/us/qicore/StructureDefinition/qicore-encounter|Observation Services|http://cts.nlm.nih.gov/fhir/ValueSet/2.16.840.1.113762.1.4.1111.143|type
HospitalHarmOpioidRelatedAdverseEventsFHIR-0.0.000.xml|Encounter|http://hl7.org/fhir/us/qicore/StructureDefinition/qicore-encounter|Emergency Department Visit|http://cts.nlm.nih.gov/fhir/ValueSet/2.16.840.1.113883.3.117.1.7.1.292|type
HospitalHarmOpioidRelatedAdverseEventsFHIR-0.0.000.xml|Location|http://hl7.org/fhir/us/qicore/StructureDefinition/qicore-location|Operating Room Suite|http://cts.nlm.nih.gov/fhir/ValueSet/2.16.840.1.113762.1.4.1248.141|type
HospitalHarmOpioidRelatedAdverseEventsFHIR-0.0.000.xml|Coverage|http://hl7.org/fhir/us/qicore/StructureDefinition/qicore-coverage|Payer|http://cts.nlm.nih.gov/fhir/ValueSet/2.16.840.1.114222.4.11.3591|type
HospitalHarmOpioidRelatedAdverseEventsFHIR-0.0.000.xml|Coverage|http://hl7.org/fhir/us/qicore/StructureDefinition/qicore-coverage|||period|
ProstateCaAvoidanceBoneScanOveruseFHIR-0.0.009.xml|Patient|http://hl7.org/fhir/us/qicore/StructureDefinition/qicore-patient|||http://hl7.org/fhir/us/core/StructureDefinition/us-core-ethnicity|false
ProstateCaAvoidanceBoneScanOveruseFHIR-0.0.009.xml|Patient|http://hl7.org/fhir/us/qicore/StructureDefinition/qicore-patient|||extension|
ProstateCaAvoidanceBoneScanOveruseFHIR-0.0.009.xml|Patient|http://hl7.org/fhir/us/qicore/StructureDefinition/qicore-patient|||http://hl7.org/fhir/us/core/StructureDefinition/us-core-race|false
ProstateCaAvoidanceBoneScanOveruseFHIR-0.0.009.xml|Condition|http://hl7.org/fhir/us/qicore/StructureDefinition/qicore-condition|Prostate Cancer|http://cts.nlm.nih.gov/fhir/ValueSet/2.16.840.1.113883.3.526.3.319|code
ProstateCaAvoidanceBoneScanOveruseFHIR-0.0.009.xml|Condition|http://hl7.org/fhir/us/qicore/StructureDefinition/qicore-condition|active|active:ConditionClinicalStatusCodes|clinicalStatus
ProstateCaAvoidanceBoneScanOveruseFHIR-0.0.009.xml|Condition|http://hl7.org/fhir/us/qicore/StructureDefinition/qicore-condition|recurrence|recurrence:ConditionClinicalStatusCodes|clinicalStatus
ProstateCaAvoidanceBoneScanOveruseFHIR-0.0.009.xml|Condition|http://hl7.org/fhir/us/qicore/StructureDefinition/qicore-condition|relapse|relapse:ConditionClinicalStatusCodes|clinicalStatus
ProstateCaAvoidanceBoneScanOveruseFHIR-0.0.009.xml|Condition|http://hl7.org/fhir/us/qicore/StructureDefinition/qicore-condition|||onset|
ProstateCaAvoidanceBoneScanOveruseFHIR-0.0.009.xml|Condition|http://hl7.org/fhir/us/qicore/StructureDefinition/qicore-condition|||abatement|
ProstateCaAvoidanceBoneScanOveruseFHIR-0.0.009.xml|Condition|http://hl7.org/fhir/us/qicore/StructureDefinition/qicore-condition|Pain Related to Prostate Cancer|http://cts.nlm.nih.gov/fhir/ValueSet/2.16.840.1.113883.3.526.3.451|code
ProstateCaAvoidanceBoneScanOveruseFHIR-0.0.009.xml|Procedure|http://hl7.org/fhir/us/qicore/StructureDefinition/qicore-procedure|Salvage Therapy|http://cts.nlm.nih.gov/fhir/ValueSet/2.16.840.1.113883.3.526.3.399|code
ProstateCaAvoidanceBoneScanOveruseFHIR-0.0.009.xml|Procedure|http://hl7.org/fhir/us/qicore/StructureDefinition/qicore-procedure|||performed|
ProstateCaAvoidanceBoneScanOveruseFHIR-0.0.009.xml|Observation|http://hl7.org/fhir/us/qicore/StructureDefinition/qicore-observation|Bone Scan|http://cts.nlm.nih.gov/fhir/ValueSet/2.16.840.1.113883.3.526.3.320|code
ProstateCaAvoidanceBoneScanOveruseFHIR-0.0.009.xml|Observation|http://hl7.org/fhir/us/qicore/StructureDefinition/qicore-observation|||effective|
ProstateCaAvoidanceBoneScanOveruseFHIR-0.0.009.xml|Observation|http://hl7.org/fhir/us/qicore/StructureDefinition/qicore-observation|Procedure reason record (record artifact)|433611000124109:SNOMEDCT|value
ProstateCaAvoidanceBoneScanOveruseFHIR-0.0.009.xml|Procedure|http://hl7.org/fhir/us/qicore/StructureDefinition/qicore-procedure|Prostate Cancer Treatment|http://cts.nlm.nih.gov/fhir/ValueSet/2.16.840.1.113883.3.526.3.398|code
ProstateCaAvoidanceBoneScanOveruseFHIR-0.0.009.xml|Observation|http://hl7.org/fhir/us/qicore/StructureDefinition/qicore-observation|Gleason score in Specimen Qualitative|35266-6:LOINC|code
ProstateCaAvoidanceBoneScanOveruseFHIR-0.0.009.xml|Observation|http://hl7.org/fhir/us/qicore/StructureDefinition/qicore-observation|||value|
ProstateCaAvoidanceBoneScanOveruseFHIR-0.0.009.xml|Observation|http://hl7.org/fhir/us/qicore/StructureDefinition/qicore-observation|Tumor staging (tumor staging)|254292007:SNOMEDCT|code
ProstateCaAvoidanceBoneScanOveruseFHIR-0.0.009.xml|Observation|http://hl7.org/fhir/us/qicore/StructureDefinition/qicore-observation|T1a: Prostate tumor incidental histologic finding in 5% or less of tissue resected (finding)|369833007:SNOMEDCT|value
ProstateCaAvoidanceBoneScanOveruseFHIR-0.0.009.xml|Observation|http://hl7.org/fhir/us/qicore/StructureDefinition/qicore-observation|T1b: Prostate tumor incidental histologic finding in > 5% of tissue resected (finding)|369834001:SNOMEDCT|value
ProstateCaAvoidanceBoneScanOveruseFHIR-0.0.009.xml|Observation|http://hl7.org/fhir/us/qicore/StructureDefinition/qicore-observation|Neoplasm of prostate primary tumor staging category T1c: Tumor identified by needle biopsy (finding)|433351000124101:SNOMEDCT|value
ProstateCaAvoidanceBoneScanOveruseFHIR-0.0.009.xml|Observation|http://hl7.org/fhir/us/qicore/StructureDefinition/qicore-observation|Neoplasm of prostate primary tumor staging category T2a: Involves one-half of one lobe or less (finding)|433361000124104:SNOMEDCT|value
ProstateCaAvoidanceBoneScanOveruseFHIR-0.0.009.xml|Observation|http://hl7.org/fhir/us/qicore/StructureDefinition/qicore-observation|Prostate Specific Antigen Test|http://cts.nlm.nih.gov/fhir/ValueSet/2.16.840.1.113883.3.526.3.401|code
ProstateCaAvoidanceBoneScanOveruseFHIR-0.0.009.xml|Coverage|http://hl7.org/fhir/us/qicore/StructureDefinition/qicore-coverage|Payer|http://cts.nlm.nih.gov/fhir/ValueSet/2.16.840.1.114222.4.11.3591|type
ProstateCaAvoidanceBoneScanOveruseFHIR-0.0.009.xml|Coverage|http://hl7.org/fhir/us/qicore/StructureDefinition/qicore-coverage|||period|
AppropriateTreatmentforSTEMIFHIR-0.0.008.xml|Patient|http://hl7.org/fhir/us/qicore/StructureDefinition/qicore-patient|||http://hl7.org/fhir/us/core/StructureDefinition/us-core-ethnicity|false
AppropriateTreatmentforSTEMIFHIR-0.0.008.xml|Patient|http://hl7.org/fhir/us/qicore/StructureDefinition/qicore-patient|||extension|
AppropriateTreatmentforSTEMIFHIR-0.0.008.xml|Patient|http://hl7.org/fhir/us/qicore/StructureDefinition/qicore-patient|||http://hl7.org/fhir/us/core/StructureDefinition/us-core-race|false
AppropriateTreatmentforSTEMIFHIR-0.0.008.xml|Encounter|http://hl7.org/fhir/us/qicore/StructureDefinition/qicore-encounter|ED|http://cts.nlm.nih.gov/fhir/ValueSet/2.16.840.1.113883.3.464.1003.101.12.1085|type
AppropriateTreatmentforSTEMIFHIR-0.0.008.xml|Encounter|http://hl7.org/fhir/us/qicore/StructureDefinition/qicore-encounter|finished||status
AppropriateTreatmentforSTEMIFHIR-0.0.008.xml|Encounter|http://hl7.org/fhir/us/qicore/StructureDefinition/qicore-encounter|EMER|EMER:ActCode|class
AppropriateTreatmentforSTEMIFHIR-0.0.008.xml|Encounter|http://hl7.org/fhir/us/qicore/StructureDefinition/qicore-encounter|STEMI|http://cts.nlm.nih.gov/fhir/ValueSet/2.16.840.1.113883.3.3157.4017|reasonCode
AppropriateTreatmentforSTEMIFHIR-0.0.008.xml|Encounter|http://hl7.org/fhir/us/qicore/StructureDefinition/qicore-encounter|||period|true
AppropriateTreatmentforSTEMIFHIR-0.0.008.xml|Encounter|http://hl7.org/fhir/us/qicore/StructureDefinition/qicore-encounter|Discharge To Acute Care Facility|http://cts.nlm.nih.gov/fhir/ValueSet/2.16.840.1.113883.3.117.1.7.1.87|hospitalization
AppropriateTreatmentforSTEMIFHIR-0.0.008.xml|Encounter|http://hl7.org/fhir/us/qicore/StructureDefinition/qicore-encounter|Patient Expired|http://cts.nlm.nih.gov/fhir/ValueSet/2.16.840.1.113883.3.117.1.7.1.309|hospitalization
AppropriateTreatmentforSTEMIFHIR-0.0.008.xml|Encounter|http://hl7.org/fhir/us/qicore/StructureDefinition/qicore-encounter|||diagnosis|
AppropriateTreatmentforSTEMIFHIR-0.0.008.xml|Encounter|http://hl7.org/fhir/us/qicore/StructureDefinition/qicore-encounter|||diagnosis.condition|false
AppropriateTreatmentforSTEMIFHIR-0.0.008.xml|Condition|http://hl7.org/fhir/us/qicore/StructureDefinition/qicore-condition|STEMI|http://cts.nlm.nih.gov/fhir/ValueSet/2.16.840.1.113883.3.3157.4017|code
AppropriateTreatmentforSTEMIFHIR-0.0.008.xml|Condition|http://hl7.org/fhir/us/qicore/StructureDefinition/qicore-condition|active|active:ConditionClinicalStatusCodes|clinicalStatus
AppropriateTreatmentforSTEMIFHIR-0.0.008.xml|Condition|http://hl7.org/fhir/us/qicore/StructureDefinition/qicore-condition|recurrence|recurrence:ConditionClinicalStatusCodes|clinicalStatus
AppropriateTreatmentforSTEMIFHIR-0.0.008.xml|Condition|http://hl7.org/fhir/us/qicore/StructureDefinition/qicore-condition|relapse|relapse:ConditionClinicalStatusCodes|clinicalStatus
AppropriateTreatmentforSTEMIFHIR-0.0.008.xml|Condition|http://hl7.org/fhir/us/qicore/StructureDefinition/qicore-condition|||onset|
AppropriateTreatmentforSTEMIFHIR-0.0.008.xml|Condition|http://hl7.org/fhir/us/qicore/StructureDefinition/qicore-condition|||abatement|
AppropriateTreatmentforSTEMIFHIR-0.0.008.xml|MedicationAdministration|http://hl7.org/fhir/us/qicore/StructureDefinition/qicore-medicationadministration|Fibrinolytic Therapy|http://cts.nlm.nih.gov/fhir/ValueSet/2.16.840.1.113883.3.3157.4020|medication
AppropriateTreatmentforSTEMIFHIR-0.0.008.xml|MedicationAdministration|http://hl7.org/fhir/us/qicore/StructureDefinition/qicore-medicationadministration|completed||status
AppropriateTreatmentforSTEMIFHIR-0.0.008.xml|MedicationAdministration|http://hl7.org/fhir/us/qicore/StructureDefinition/qicore-medicationadministration|||effective|false
AppropriateTreatmentforSTEMIFHIR-0.0.008.xml|Procedure|http://hl7.org/fhir/us/qicore/StructureDefinition/qicore-procedure|Percutaneous Coronary Intervention|http://cts.nlm.nih.gov/fhir/ValueSet/2.16.840.1.113883.3.3157.2000.5|code
AppropriateTreatmentforSTEMIFHIR-0.0.008.xml|Procedure|http://hl7.org/fhir/us/qicore/StructureDefinition/qicore-procedure|||performed|false
AppropriateTreatmentforSTEMIFHIR-0.0.008.xml|Procedure|http://hl7.org/fhir/us/qicore/StructureDefinition/qicore-procedure|completed||status
AppropriateTreatmentforSTEMIFHIR-0.0.008.xml|Condition|http://hl7.org/fhir/us/qicore/StructureDefinition/qicore-condition|Aortic Dissection and Rupture|http://cts.nlm.nih.gov/fhir/ValueSet/2.16.840.1.113883.3.3157.4028|code
AppropriateTreatmentforSTEMIFHIR-0.0.008.xml|Condition|http://hl7.org/fhir/us/qicore/StructureDefinition/qicore-condition|Neurologic impairment|http://cts.nlm.nih.gov/fhir/ValueSet/2.16.840.1.113883.3.464.1003.114.12.1012|code
AppropriateTreatmentforSTEMIFHIR-0.0.008.xml|Condition|http://hl7.org/fhir/us/qicore/StructureDefinition/qicore-condition|Cardiopulmonary Arrest|http://cts.nlm.nih.gov/fhir/ValueSet/2.16.840.1.113883.3.3157.4048|code
AppropriateTreatmentforSTEMIFHIR-0.0.008.xml|Procedure|http://hl7.org/fhir/us/qicore/StructureDefinition/qicore-procedure|Endotracheal Intubation|http://cts.nlm.nih.gov/fhir/ValueSet/2.16.840.1.113762.1.4.1045.69|code
AppropriateTreatmentforSTEMIFHIR-0.0.008.xml|Procedure|http://hl7.org/fhir/us/qicore/StructureDefinition/qicore-procedure|Mechanical Circulatory Assist Device|http://cts.nlm.nih.gov/fhir/ValueSet/2.16.840.1.113883.3.3157.4052|code
AppropriateTreatmentforSTEMIFHIR-0.0.008.xml|Procedure|http://hl7.org/fhir/us/qicore/StructureDefinition/qicore-procedure|Major Surgical Procedure|http://cts.nlm.nih.gov/fhir/ValueSet/2.16.840.1.113883.3.3157.4056|code
AppropriateTreatmentforSTEMIFHIR-0.0.008.xml|Condition|http://hl7.org/fhir/us/qicore/StructureDefinition/qicore-condition|Active Bleeding or Bleeding Diathesis (Excluding Menses)|http://cts.nlm.nih.gov/fhir/ValueSet/2.16.840.1.113883.3.3157.4036|code
AppropriateTreatmentforSTEMIFHIR-0.0.008.xml|Condition|http://hl7.org/fhir/us/qicore/StructureDefinition/qicore-condition|Malignant Intracranial Neoplasm Group|http://cts.nlm.nih.gov/fhir/ValueSet/2.16.840.1.113762.1.4.1170.3|code
AppropriateTreatmentforSTEMIFHIR-0.0.008.xml|Condition|http://hl7.org/fhir/us/qicore/StructureDefinition/qicore-condition|Cerebral Vascular Lesion|http://cts.nlm.nih.gov/fhir/ValueSet/2.16.840.1.113883.3.3157.4025|code
AppropriateTreatmentforSTEMIFHIR-0.0.008.xml|Condition|http://hl7.org/fhir/us/qicore/StructureDefinition/qicore-condition|Dementia|http://cts.nlm.nih.gov/fhir/ValueSet/2.16.840.1.113883.3.3157.4043|code
AppropriateTreatmentforSTEMIFHIR-0.0.008.xml|Condition|http://hl7.org/fhir/us/qicore/StructureDefinition/qicore-condition|Pregnancy|http://cts.nlm.nih.gov/fhir/ValueSet/2.16.840.1.113883.3.3157.4055|code
AppropriateTreatmentforSTEMIFHIR-0.0.008.xml|Condition|http://hl7.org/fhir/us/qicore/StructureDefinition/qicore-condition|Allergy to thrombolytics|http://cts.nlm.nih.gov/fhir/ValueSet/2.16.840.1.113762.1.4.1170.5|code
AppropriateTreatmentforSTEMIFHIR-0.0.008.xml|Procedure|http://hl7.org/fhir/us/qicore/StructureDefinition/qicore-procedure|Intracranial or Intraspinal surgery|http://cts.nlm.nih.gov/fhir/ValueSet/2.16.840.1.113762.1.4.1170.2|code
AppropriateTreatmentforSTEMIFHIR-0.0.008.xml|MedicationRequest|http://hl7.org/fhir/us/qicore/StructureDefinition/qicore-medicationrequest|Anticoagulant Medications, Oral|http://cts.nlm.nih.gov/fhir/ValueSet/2.16.840.1.113883.3.3157.4045|medication
AppropriateTreatmentforSTEMIFHIR-0.0.008.xml|MedicationRequest|http://hl7.org/fhir/us/qicore/StructureDefinition/qicore-medicationrequest|active||status
AppropriateTreatmentforSTEMIFHIR-0.0.008.xml|MedicationRequest|http://hl7.org/fhir/us/qicore/StructureDefinition/qicore-medicationrequest|order||intent
AppropriateTreatmentforSTEMIFHIR-0.0.008.xml|MedicationRequest|http://hl7.org/fhir/us/qicore/StructureDefinition/qicore-medicationrequest|||authoredOn|
AppropriateTreatmentforSTEMIFHIR-0.0.008.xml|Condition|http://hl7.org/fhir/us/qicore/StructureDefinition/qicore-condition|Ischemic Stroke|http://cts.nlm.nih.gov/fhir/ValueSet/2.16.840.1.113883.3.464.1003.104.12.1024|code
AppropriateTreatmentforSTEMIFHIR-0.0.008.xml|Condition|http://hl7.org/fhir/us/qicore/StructureDefinition/qicore-condition|Closed Head and Facial Trauma|http://cts.nlm.nih.gov/fhir/ValueSet/2.16.840.1.113883.3.3157.4026|code
AppropriateTreatmentforSTEMIFHIR-0.0.008.xml|Condition|http://hl7.org/fhir/us/qicore/StructureDefinition/qicore-condition|Active Peptic Ulcer|http://cts.nlm.nih.gov/fhir/ValueSet/2.16.840.1.113883.3.3157.4031|code
AppropriateTreatmentforSTEMIFHIR-0.0.008.xml|AllergyIntolerance|http://hl7.org/fhir/us/qicore/StructureDefinition/qicore-allergyintolerance|Thrombolytic medications|http://cts.nlm.nih.gov/fhir/ValueSet/2.16.840.1.113762.1.4.1170.4|code
AppropriateTreatmentforSTEMIFHIR-0.0.008.xml|AllergyIntolerance|http://hl7.org/fhir/us/qicore/StructureDefinition/qicore-allergyintolerance|active|active:ConditionClinicalStatusCodes|clinicalStatus
AppropriateTreatmentforSTEMIFHIR-0.0.008.xml|AllergyIntolerance|http://hl7.org/fhir/us/qicore/StructureDefinition/qicore-allergyintolerance|||onset|
AppropriateTreatmentforSTEMIFHIR-0.0.008.xml|AdverseEvent|http://hl7.org/fhir/us/qicore/StructureDefinition/qicore-adverseevent|Thrombolytic medications|http://cts.nlm.nih.gov/fhir/ValueSet/2.16.840.1.113762.1.4.1170.4|event
AppropriateTreatmentforSTEMIFHIR-0.0.008.xml|AdverseEvent|http://hl7.org/fhir/us/qicore/StructureDefinition/qicore-adverseevent|Adverse reaction to thrombolytics|http://cts.nlm.nih.gov/fhir/ValueSet/2.16.840.1.113762.1.4.1170.6|category
AppropriateTreatmentforSTEMIFHIR-0.0.008.xml|AdverseEvent|http://hl7.org/fhir/us/qicore/StructureDefinition/qicore-adverseevent|||recordedDate|
AppropriateTreatmentforSTEMIFHIR-0.0.008.xml|AdverseEvent|http://hl7.org/fhir/us/qicore/StructureDefinition/qicore-adverseevent|actual||actuality
AppropriateTreatmentforSTEMIFHIR-0.0.008.xml|Coverage|http://hl7.org/fhir/us/qicore/StructureDefinition/qicore-coverage|Payer|http://cts.nlm.nih.gov/fhir/ValueSet/2.16.840.1.114222.4.11.3591|type
AppropriateTreatmentforSTEMIFHIR-0.0.008.xml|Coverage|http://hl7.org/fhir/us/qicore/StructureDefinition/qicore-coverage|||period|
